,Country,Freedom to make life choices,GDP per Capita,GDP per capita,Generosity,Government Trust,Happiness Rank,Happiness Score,Life Expectancy,Social support,Year
0,Switzerland,0.66557,1.3965100000000001,,0.29678000000000004,0.41978000000000004,1,7.587000000000001,0.9414299999999999,1.34951,2015
1,Iceland,0.6287699999999999,1.3023200000000001,,0.4363,0.14145,2,7.561,0.94784,1.4022299999999999,2015
2,Denmark,0.6493800000000001,1.32548,,0.34139,0.48357,3,7.527,0.87464,1.36058,2015
3,Norway,0.66973,1.459,,0.34699,0.36503,4,7.522,0.88521,1.33095,2015
4,Canada,0.63297,1.32629,,0.45811,0.32957,5,7.4270000000000005,0.9056299999999999,1.32261,2015
5,Finland,0.64169,1.29025,,0.23351,0.41372,6,7.406000000000001,0.8891100000000001,1.31826,2015
6,Netherlands,0.6157600000000001,1.32944,,0.4761,0.31814000000000003,7,7.377999999999999,0.89284,1.28017,2015
7,Sweden,0.6598,1.33171,,0.36262,0.43843999999999994,8,7.364,0.9108700000000001,1.2890700000000002,2015
8,New Zealand,0.6393800000000001,1.2501799999999998,,0.47501000000000004,0.42922,9,7.2860000000000005,0.9083700000000001,1.3196700000000001,2015
9,Australia,0.6512399999999999,1.33358,,0.43562,0.35636999999999996,10,7.284,0.93156,1.30923,2015
10,Israel,0.41318999999999995,1.2285700000000002,,0.33171999999999996,0.07785,11,7.278,0.9138700000000001,1.22393,2015
11,Costa Rica,0.63376,0.95578,,0.25497,0.10583,12,7.226,0.8602700000000001,1.2378799999999999,2015
12,Austria,0.62433,1.33723,,0.33088,0.18675999999999998,13,7.2,0.8904200000000001,1.29704,2015
13,Mexico,0.48181,1.02054,,0.14074,0.21311999999999998,14,7.187,0.8144399999999999,0.91451,2015
14,United States,0.54604,1.3945100000000001,,0.40105,0.1589,15,7.119,0.86179,1.24711,2015
15,Brazil,0.49049,0.98124,,0.14574,0.17521,16,6.983,0.69702,1.2328700000000001,2015
16,Luxembourg,0.61583,1.5639100000000001,,0.28034000000000003,0.37798000000000004,17,6.946000000000001,0.91894,1.21963,2015
17,Ireland,0.6177699999999999,1.33596,,0.45901000000000003,0.28703,18,6.94,0.89533,1.36948,2015
18,Belgium,0.5845,1.30782,,0.2225,0.2254,19,6.937,0.8966700000000001,1.28566,2015
19,United Arab Emirates,0.64157,1.42727,,0.26428,0.38583,20,6.901,0.80925,1.12575,2015
20,United Kingdom,0.59625,1.26637,,0.51912,0.32066999999999996,21,6.867000000000001,0.90943,1.28548,2015
21,Oman,0.63274,1.36011,,0.21541999999999997,0.32524000000000003,22,6.853,0.76276,1.08182,2015
22,Venezuela,0.42908,1.04424,,0.058410000000000004,0.11069000000000001,23,6.81,0.7205199999999999,1.25596,2015
23,Singapore,0.54252,1.52186,,0.31105,0.4921,24,6.797999999999999,1.02525,1.02,2015
24,Panama,0.5421,1.0635299999999999,,0.24434,0.0927,25,6.7860000000000005,0.79661,1.1985,2015
25,Germany,0.6147699999999999,1.32792,,0.28214,0.21843,26,6.75,0.89186,1.2993700000000001,2015
26,Chile,0.44132,1.10715,,0.33363000000000004,0.12869,27,6.67,0.85857,1.12447,2015
27,Qatar,0.6404,1.69042,,0.32573,0.52208,28,6.611000000000001,0.79733,1.0786,2015
28,France,0.55011,1.27778,,0.12332,0.20646,29,6.575,0.9457899999999999,1.2603799999999998,2015
29,Argentina,0.44974,1.05351,,0.11450999999999999,0.08484,30,6.574,0.78723,1.24823,2015
30,Czech Republic,0.46363999999999994,1.17898,,0.10686,0.02652,31,6.505,0.84483,1.20643,2015
31,Uruguay,0.6036199999999999,1.06166,,0.2324,0.24558000000000002,32,6.485,0.8116,1.2089,2015
32,Colombia,0.53466,0.91861,,0.18400999999999998,0.0512,33,6.477,0.69077,1.2401799999999998,2015
33,Thailand,0.5566399999999999,0.9669,,0.5763,0.031869999999999996,34,6.455,0.7385,1.26504,2015
34,Saudi Arabia,0.31048000000000003,1.39541,,0.13706,0.32524000000000003,35,6.4110000000000005,0.72025,1.0839299999999998,2015
35,Spain,0.45951000000000003,1.23011,,0.18227000000000002,0.06398,36,6.329,0.95562,1.31379,2015
36,Malta,0.60365,1.2074,,0.51752,0.13585999999999998,37,6.3020000000000005,0.88721,1.30203,2015
37,Taiwan,0.3974,1.29098,,0.25376,0.08129,38,6.297999999999999,0.8753,1.07617,2015
38,Kuwait,0.55499,1.5542200000000002,,0.16228,0.25609,39,6.295,0.72492,1.16594,2015
39,Suriname,0.5965699999999999,0.99534,,0.16990999999999998,0.13633,40,6.269,0.6082,0.972,2015
40,Trinidad and Tobago,0.55884,1.21183,,0.31844,0.0114,41,6.167999999999999,0.61483,1.18354,2015
41,El Salvador,0.4035,0.76454,,0.10692,0.11775999999999999,42,6.13,0.67737,1.0250700000000001,2015
42,Guatemala,0.57733,0.74553,,0.27489,0.09472,43,6.122999999999999,0.64425,1.04356,2015
43,Uzbekistan,0.6582100000000001,0.63244,,0.22837,0.30826,44,6.002999999999999,0.59772,1.34043,2015
44,Slovakia,0.31751,1.1689100000000001,,0.16893,0.03431,45,5.995,0.7890199999999999,1.26999,2015
45,Japan,0.49615,1.27074,,0.10705,0.1806,46,5.987,0.99111,1.25712,2015
46,South Korea,0.33208000000000004,1.24461,,0.18557,0.07857,47,5.984,0.9653799999999999,0.9577399999999999,2015
47,Ecuador,0.48573999999999995,0.8640200000000001,,0.11540999999999998,0.1809,48,5.975,0.79075,0.99903,2015
48,Bahrain,0.45492,1.32376,,0.17362,0.306,49,5.96,0.74716,1.21624,2015
49,Italy,0.26236,1.25114,,0.22823000000000002,0.02901,50,5.9479999999999995,0.9544600000000001,1.19777,2015
50,Bolivia,0.57414,0.68133,,0.20536,0.08800000000000001,51,5.89,0.5392,0.97841,2015
51,Moldova,0.32818,0.59448,,0.20951,0.01615,52,5.888999999999999,0.61826,1.01528,2015
52,Paraguay,0.53899,0.75985,,0.3424,0.08242000000000001,53,5.877999999999999,0.66098,1.30477,2015
53,Kazakhstan,0.51649,1.1225399999999999,,0.11827,0.08454,54,5.855,0.64368,1.1224100000000001,2015
54,Slovenia,0.60855,1.18498,,0.25328,0.03787,55,5.848,0.8733700000000001,1.27385,2015
55,Lithuania,0.21341999999999997,1.14723,,0.026410000000000003,0.01031,56,5.832999999999999,0.73128,1.25745,2015
56,Nicaragua,0.55475,0.59325,,0.27815,0.19317,57,5.827999999999999,0.7431399999999999,1.14184,2015
57,Peru,0.41496000000000005,0.9001899999999999,,0.14982,0.05989,58,5.824,0.73017,0.97459,2015
58,Belarus,0.37938,1.0319200000000002,,0.11045999999999999,0.1909,59,5.813,0.7360800000000001,1.23289,2015
59,Poland,0.53122,1.12555,,0.16759000000000002,0.04212,60,5.791,0.77903,1.27948,2015
60,Malaysia,0.5302399999999999,1.12486,,0.33075,0.10500999999999999,61,5.77,0.7239399999999999,1.07023,2015
61,Croatia,0.25883,1.08254,,0.054439999999999995,0.0243,62,5.7589999999999995,0.78805,0.79624,2015
62,Libya,0.41668,1.13145,,0.18295,0.11023,63,5.754,0.7038,1.1186200000000002,2015
63,Russia,0.36679,1.13764,,0.00199,0.03005,64,5.716,0.6692600000000001,1.23617,2015
64,Jamaica,0.50442,0.81038,,0.2123,0.02299,65,5.709,0.6874100000000001,1.1510200000000002,2015
65,North Cyprus,0.49027,1.2080600000000001,,0.26169000000000003,0.1428,66,5.695,0.92356,1.07008,2015
66,Cyprus,0.40671999999999997,1.20813,,0.30638000000000004,0.06146,67,5.689,0.92356,0.89318,2015
67,Algeria,0.28579,0.93929,,0.07822,0.17382999999999998,68,5.605,0.61766,1.07772,2015
68,Kosovo,0.24749000000000002,0.80148,,0.2831,0.04741,69,5.5889999999999995,0.63132,0.81198,2015
69,Turkmenistan,0.4761,0.95847,,0.16979,0.30844,70,5.547999999999999,0.53886,1.22668,2015
70,Mauritius,0.56066,1.0076100000000001,,0.37744,0.07521,71,5.477,0.7095,0.98521,2015
71,Hong Kong,0.59608,1.38604,,0.39478,0.37124,72,5.474,1.01328,1.05818,2015
72,Estonia,0.44888,1.15174,,0.0868,0.15184,73,5.428999999999999,0.77361,1.22791,2015
73,Indonesia,0.46611,0.8282700000000001,,0.51535,0.0,74,5.399,0.63793,1.0870799999999998,2015
74,Vietnam,0.59444,0.63216,,0.1686,0.10440999999999999,75,5.36,0.7467600000000001,0.9122600000000001,2015
75,Turkey,0.22815,1.06098,,0.12253,0.15746,76,5.332000000000001,0.73172,0.94632,2015
76,Kyrgyzstan,0.43477,0.47428000000000003,,0.3003,0.042319999999999997,77,5.2860000000000005,0.65088,1.15115,2015
77,Nigeria,0.34334000000000003,0.65435,,0.27233,0.0403,78,5.268,0.16007000000000002,0.9043200000000001,2015
78,Bhutan,0.5320600000000001,0.77042,,0.47998,0.15445,79,5.252999999999999,0.57407,1.10395,2015
79,Azerbaijan,0.3703,1.02389,,0.07799,0.16065,80,5.212000000000001,0.64045,0.9379299999999999,2015
80,Pakistan,0.12102,0.59543,,0.33671,0.10464000000000001,81,5.194,0.51466,0.41411000000000003,2015
81,Jordan,0.40660999999999997,0.9019799999999999,,0.11052999999999999,0.14293,82,5.192,0.69639,1.05392,2015
82,Montenegro,0.1826,0.9743799999999999,,0.1614,0.14296,82,5.192,0.72521,0.9055700000000001,2015
83,China,0.5169699999999999,0.89012,,0.08185,0.02781,84,5.14,0.81658,0.94675,2015
84,Zambia,0.48827,0.47038,,0.19591,0.12468,85,5.129,0.29924,0.91612,2015
85,Romania,0.35068,1.04345,,0.13748,0.006490000000000001,86,5.124,0.7689,0.8858799999999999,2015
86,Serbia,0.20107,0.92053,,0.19230999999999998,0.02617,87,5.122999999999999,0.74836,1.0096399999999999,2015
87,Portugal,0.51469,1.15991,,0.13719,0.01078,88,5.102,0.8751899999999999,1.13935,2015
88,Latvia,0.29671,1.11312,,0.18225999999999998,0.06332,89,5.098,0.72437,1.09562,2015
89,Philippines,0.62545,0.70532,,0.24991,0.12279000000000001,90,5.073,0.58114,1.03516,2015
90,Somaliland region,0.46581999999999996,0.18847,,0.5031800000000001,0.39928,91,5.0569999999999995,0.43873,0.95152,2015
91,Morocco,0.41691000000000006,0.7347899999999999,,0.07172,0.08546000000000001,92,5.013,0.60954,0.64095,2015
92,Macedonia,0.33457,0.91851,,0.22359,0.053270000000000005,93,5.007,0.73545,1.00232,2015
93,Mozambique,0.34037,0.08308,,0.22269,0.15603,94,4.971,0.09131,1.02626,2015
94,Albania,0.35733000000000004,0.8786700000000001,,0.14272,0.06412999999999999,95,4.959,0.81325,0.8043399999999999,2015
95,Bosnia and Herzegovina,0.09245,0.8322299999999999,,0.24808000000000002,0.00227,96,4.949,0.79081,0.9191600000000001,2015
96,Lesotho,0.31767,0.37545,,0.16388,0.12504,97,4.898,0.07612000000000001,1.04103,2015
97,Dominican Republic,0.57672,0.8953700000000001,,0.21684,0.14234000000000002,98,4.885,0.66825,1.17202,2015
98,Laos,0.59591,0.5906600000000001,,0.42191999999999996,0.24249,99,4.876,0.54909,0.73803,2015
99,Mongolia,0.43626000000000004,0.82819,,0.3323,0.026660000000000003,100,4.874,0.60268,1.3006,2015
100,Swaziland,0.30658,0.71206,,0.18259,0.0306,101,4.867,0.07566,1.07284,2015
101,Greece,0.07699,1.15406,,0.0,0.013969999999999998,102,4.857,0.88213,0.9293299999999999,2015
102,Lebanon,0.33916,1.0256399999999999,,0.21854,0.04582,103,4.8389999999999995,0.83947,0.80001,2015
103,Hungary,0.32111999999999996,1.12094,,0.128,0.02758,104,4.8,0.75905,1.20215,2015
104,Honduras,0.40148,0.59532,,0.23026999999999997,0.06825,105,4.788,0.6951,0.9534799999999999,2015
105,Tajikistan,0.47216,0.39047,,0.22974,0.15072,106,4.7860000000000005,0.5737899999999999,0.8556299999999999,2015
106,Tunisia,0.26268,0.88113,,0.06431,0.06358,107,4.739,0.73793,0.60429,2015
107,Palestinian Territories,0.24499,0.59867,,0.11250999999999999,0.12905,108,4.715,0.66015,0.92558,2015
108,Bangladesh,0.4082,0.39753,,0.21222,0.12569,109,4.694,0.60164,0.43106000000000005,2015
109,Iran,0.30033000000000004,1.0088,,0.38086,0.058629999999999995,110,4.686,0.69805,0.54447,2015
110,Ukraine,0.25123,0.79907,,0.15275,0.02961,111,4.681,0.6739,1.20278,2015
111,Iraq,0.0,0.98549,,0.17922000000000002,0.13788,112,4.677,0.60237,0.81889,2015
112,South Africa,0.33207,0.9204899999999999,,0.11972999999999999,0.08884,113,4.6419999999999995,0.27688,1.18468,2015
113,Ghana,0.42341999999999996,0.5455800000000001,,0.23087,0.04355,114,4.633,0.40131999999999995,0.6795399999999999,2015
114,Zimbabwe,0.25861,0.271,,0.18987,0.08079,115,4.61,0.33475,1.0327600000000001,2015
115,Liberia,0.28531,0.0712,,0.24361999999999998,0.06232000000000001,116,4.571000000000001,0.34201,0.78968,2015
116,India,0.39786,0.64499,,0.26475,0.08492000000000001,117,4.565,0.5152899999999999,0.38174,2015
117,Sudan,0.10081,0.52107,,0.19062,0.1466,118,4.55,0.36878,1.01404,2015
118,Haiti,0.24425,0.26673,,0.46187,0.17175,119,4.518,0.38847,0.74302,2015
119,Congo (Kinshasa),0.22605,0.0,,0.24834,0.07625,120,4.5169999999999995,0.09806000000000001,1.0012,2015
120,Nepal,0.38282,0.35996999999999996,,0.32295999999999997,0.059070000000000004,121,4.513999999999999,0.5687399999999999,0.86449,2015
121,Ethiopia,0.4345,0.19072999999999998,,0.24325,0.15048,122,4.512,0.44055,0.60406,2015
122,Sierra Leone,0.4084,0.33024000000000003,,0.21488000000000002,0.08786000000000001,123,4.507,0.0,0.9557100000000001,2015
123,Mauritania,0.24231999999999998,0.45407,,0.21899999999999997,0.17461,124,4.436,0.35874,0.86908,2015
124,Kenya,0.42215,0.36471,,0.37542,0.05839,125,4.419,0.41435,0.99876,2015
125,Djibouti,0.46074,0.44025,,0.18093,0.28105,126,4.369,0.36291,0.59207,2015
126,Armenia,0.19847,0.7682100000000001,,0.07855,0.039,127,4.35,0.7299,0.7771100000000001,2015
127,Botswana,0.49495,0.99355,,0.10461,0.12474,128,4.332,0.047760000000000004,1.10464,2015
128,Myanmar,0.44017,0.27108000000000004,,0.79588,0.19034,129,4.3069999999999995,0.48246000000000006,0.70905,2015
129,Georgia,0.40576999999999996,0.7419,,0.055470000000000005,0.38331,130,4.297,0.72926,0.38561999999999996,2015
130,Malawi,0.43054,0.016040000000000002,,0.33128,0.06977,131,4.292,0.22562,0.41134,2015
131,Sri Lanka,0.5372600000000001,0.83524,,0.40828000000000003,0.09179,132,4.271,0.70806,1.01905,2015
132,Cameroon,0.49309,0.4225,,0.20618000000000003,0.05786,133,4.252,0.23401999999999998,0.8876700000000001,2015
133,Bulgaria,0.30587,1.01216,,0.11921,0.00872,134,4.218,0.76649,1.10614,2015
134,Egypt,0.17288,0.8818,,0.11291,0.06324,135,4.194,0.61712,0.747,2015
135,Yemen,0.35570999999999997,0.5464899999999999,,0.09131,0.07854,136,4.077,0.40064,0.68093,2015
136,Angola,0.10384000000000002,0.75778,,0.12344000000000001,0.07122,137,4.033,0.16683,0.8604,2015
137,Mali,0.38856999999999997,0.26074,,0.18798,0.12352,138,3.995,0.20583,1.03526,2015
138,Congo (Brazzaville),0.41466000000000003,0.67866,,0.12387999999999999,0.11685999999999999,139,3.989,0.31051,0.6629,2015
139,Comoros,0.22916999999999998,0.23906,,0.17440999999999998,0.19899999999999998,140,3.9560000000000004,0.36315,0.79273,2015
140,Uganda,0.45726999999999995,0.21101999999999999,,0.29066,0.07267,141,3.931,0.33860999999999997,1.13299,2015
141,Senegal,0.36772,0.36498,,0.20843000000000003,0.10712999999999999,142,3.904,0.4354,0.97619,2015
142,Gabon,0.31914000000000003,1.06024,,0.06822,0.11091,143,3.8960000000000004,0.43372,0.90528,2015
143,Niger,0.47691999999999996,0.0694,,0.19387000000000001,0.15639,144,3.845,0.29707,0.77265,2015
144,Cambodia,0.66246,0.46038,,0.40359,0.07247,145,3.819,0.61114,0.62736,2015
145,Tanzania,0.32878,0.2852,,0.34376999999999996,0.05747000000000001,146,3.781,0.38215,1.00268,2015
146,Madagascar,0.19184,0.20824,,0.21333000000000002,0.08123999999999999,147,3.681,0.46721,0.66801,2015
147,Central African Republic,0.48878999999999995,0.0785,,0.23835,0.08288999999999999,148,3.678,0.06699,0.0,2015
148,Chad,0.23501,0.34193,,0.18386,0.05269,149,3.667,0.1501,0.76062,2015
149,Guinea,0.37725,0.17417,,0.28657,0.12139000000000001,150,3.656,0.24009,0.46475,2015
150,Ivory Coast,0.46866,0.46534,,0.20165,0.17922000000000002,151,3.655,0.15185,0.77115,2015
151,Burkina Faso,0.39493,0.25811999999999996,,0.21746999999999997,0.12832000000000002,152,3.5869999999999997,0.27125,0.85188,2015
152,Afghanistan,0.23414000000000001,0.31982,,0.3651,0.09719,153,3.575,0.30335,0.30285,2015
153,Rwanda,0.59201,0.22208000000000003,,0.22628,0.55191,154,3.465,0.42863999999999997,0.7737,2015
154,Benin,0.4845,0.28665,,0.1826,0.0801,155,3.34,0.3191,0.35386,2015
155,Syria,0.15684,0.6632,,0.47179,0.18905999999999998,156,3.0060000000000002,0.7219300000000001,0.47489,2015
156,Burundi,0.1185,0.0153,,0.19727,0.10062,157,2.905,0.22396,0.41586999999999996,2015
157,Togo,0.36453,0.20868,,0.16680999999999999,0.10730999999999999,158,2.839,0.28443,0.13995,2015
0,Denmark,0.5794100000000001,1.4417799999999998,,0.36171,0.44453000000000004,1,7.526,0.79504,1.16374,2016
1,Switzerland,0.58557,1.5273299999999999,,0.28083,0.41203,2,7.5089999999999995,0.86303,1.14524,2016
2,Iceland,0.56624,1.42666,,0.47678000000000004,0.14975,3,7.501,0.8673299999999999,1.18326,2016
3,Norway,0.59609,1.57744,,0.37895,0.35775999999999997,4,7.497999999999999,0.79579,1.1269,2016
4,Finland,0.57104,1.40598,,0.25492,0.41003999999999996,5,7.412999999999999,0.81091,1.1346399999999999,2016
5,Canada,0.5737,1.44015,,0.44833999999999996,0.31329,6,7.404,0.8276,1.0961,2016
6,Netherlands,0.55211,1.46468,,0.47416,0.29927,7,7.3389999999999995,0.8123100000000001,1.02912,2016
7,New Zealand,0.5814699999999999,1.36066,,0.49401000000000006,0.41903999999999997,8,7.334,0.83096,1.17278,2016
8,Australia,0.5683699999999999,1.4444299999999999,,0.47407,0.32331,9,7.313,0.8512,1.10476,2016
9,Sweden,0.58218,1.45181,,0.38254,0.40867,10,7.291,0.83121,1.08764,2016
10,Israel,0.36432,1.33766,,0.32288,0.08728,11,7.267,0.8491700000000001,0.9953700000000001,2016
11,Austria,0.54355,1.45038,,0.32865,0.21348000000000003,12,7.119,0.80565,1.0838299999999998,2016
12,United States,0.48163,1.50796,,0.41076999999999997,0.14868,13,7.104,0.779,1.04782,2016
13,Costa Rica,0.55225,1.06879,,0.22553,0.10547000000000001,14,7.087000000000001,0.76146,1.02152,2016
14,Puerto Rico,0.46823000000000004,1.35943,,0.22202,0.12275,15,7.039,0.77758,1.08113,2016
15,Germany,0.53466,1.44787,,0.30451999999999996,0.28551,16,6.994,0.81487,1.09774,2016
16,Brazil,0.40425,1.08754,,0.15775999999999998,0.14165999999999998,17,6.952000000000001,0.61415,1.03938,2016
17,Belgium,0.51354,1.42539,,0.2424,0.26248,18,6.928999999999999,0.8195899999999999,1.05249,2016
18,Ireland,0.54008,1.4834100000000001,,0.44963000000000003,0.29754,19,6.907,0.81455,1.16157,2016
19,Luxembourg,0.5487,1.6975200000000001,,0.27571,0.35329,20,6.871,0.8454200000000001,1.03999,2016
20,Mexico,0.37709000000000004,1.1150799999999998,,0.11735,0.18355,21,6.778,0.71143,0.7146,2016
21,Singapore,0.4877,1.64555,,0.32706,0.46986999999999995,22,6.739,0.94719,0.8675799999999999,2016
22,United Kingdom,0.50036,1.40283,,0.50156,0.27399,23,6.725,0.80991,1.0867200000000001,2016
23,Chile,0.37789,1.2167,,0.31595,0.11450999999999999,24,6.705,0.8188300000000001,0.9058700000000001,2016
24,Panama,0.48927,1.18306,,0.2418,0.08423,25,6.7010000000000005,0.70835,0.9891200000000001,2016
25,Argentina,0.42283999999999994,1.15137,,0.10989000000000002,0.07296,26,6.65,0.69711,1.0661200000000002,2016
26,Czech Republic,0.41418,1.30915,,0.09929,0.03986,27,6.596,0.76376,1.00793,2016
27,United Arab Emirates,0.56215,1.57352,,0.26591,0.35561,28,6.5729999999999995,0.72993,0.8711399999999999,2016
28,Uruguay,0.54388,1.18157,,0.18056,0.21394000000000002,29,6.545,0.72183,1.0314299999999998,2016
29,Malta,0.54994,1.30782,,0.56237,0.17554,30,6.4879999999999995,0.80315,1.09879,2016
30,Colombia,0.44735,1.0303200000000001,,0.15625999999999998,0.053989999999999996,31,6.481,0.59659,1.02169,2016
31,France,0.46562,1.39488,,0.1216,0.17808,32,6.478,0.83795,1.00508,2016
32,Thailand,0.49553,1.0893,,0.58696,0.02833,33,6.474,0.64915,1.04477,2016
33,Saudi Arabia,0.37904,1.48953,,0.15457,0.30008,34,6.379,0.59267,0.84829,2016
34,Taiwan,0.32377,1.39729,,0.25495,0.0663,34,6.379,0.79565,0.92624,2016
35,Qatar,0.56679,1.82427,,0.32388,0.48049,36,6.375,0.71723,0.87964,2016
36,Spain,0.37545,1.34253,,0.17665,0.06137000000000001,37,6.361000000000001,0.8789600000000001,1.12945,2016
37,Algeria,0.21006,1.05266,,0.07044,0.16157,38,6.355,0.6180399999999999,0.83309,2016
38,Guatemala,0.50379,0.83454,,0.28808,0.08701,39,6.324,0.5403899999999999,0.8711899999999999,2016
39,Suriname,0.5223399999999999,1.09686,,0.16665,0.12692,40,6.269,0.5093300000000001,0.77866,2016
40,Kuwait,0.43166000000000004,1.61714,,0.15965,0.23669,41,6.239,0.63569,0.8775799999999999,2016
41,Bahrain,0.47375,1.44024,,0.17147,0.25772,42,6.218,0.65696,0.9439700000000001,2016
42,Trinidad and Tobago,0.48453,1.32572,,0.31935,0.01241,43,6.167999999999999,0.52608,0.98569,2016
43,Venezuela,0.19847,1.1336700000000002,,0.0425,0.08304,44,6.084,0.6190399999999999,1.03302,2016
44,Slovakia,0.23390999999999998,1.27973,,0.13837,0.02947,45,6.077999999999999,0.70367,1.0826799999999999,2016
45,El Salvador,0.37269,0.8737,,0.08877,0.10613,46,6.068,0.596,0.80975,2016
46,Malaysia,0.39031,1.25142,,0.41473999999999994,0.09081,47,6.005,0.62366,0.88025,2016
47,Nicaragua,0.46581999999999996,0.69384,,0.29773,0.16292,48,5.992000000000001,0.65213,0.8952100000000001,2016
48,Uzbekistan,0.60848,0.7359100000000001,,0.34326,0.28333,49,5.987,0.50163,1.1681,2016
49,Italy,0.18827,1.35495,,0.16684000000000002,0.02556,50,5.977,0.8510200000000001,1.04167,2016
50,Ecuador,0.4027,0.97306,,0.10074,0.18037,51,5.976,0.68613,0.85974,2016
51,Belize,0.51231,0.87616,,0.23684000000000002,0.10770999999999999,52,5.956,0.45569,0.68655,2016
52,Japan,0.46761,1.3800700000000001,,0.10224,0.18985,53,5.921,0.91491,1.06054,2016
53,Kazakhstan,0.4052,1.22943,,0.15011,0.11132,54,5.919,0.57386,0.95544,2016
54,Moldova,0.25201999999999997,0.69177,,0.19997,0.019030000000000002,55,5.897,0.5230899999999999,0.8313200000000001,2016
55,Russia,0.32682,1.2322799999999998,,0.027360000000000002,0.03586,56,5.856,0.58991,1.05261,2016
56,Poland,0.4519,1.24585,,0.14443,0.055,57,5.835,0.69058,1.04685,2016
57,South Korea,0.25168,1.35948,,0.18824000000000002,0.07716,57,5.835,0.88645,0.7219399999999999,2016
58,Bolivia,0.50961,0.79422,,0.21698,0.07746,59,5.822,0.4697,0.8377899999999999,2016
59,Lithuania,0.18929,1.2692,,0.02025,0.0182,60,5.813,0.64674,1.0641100000000001,2016
60,Belarus,0.29091,1.1306200000000002,,0.13942000000000002,0.17457,61,5.8020000000000005,0.6310399999999999,1.04993,2016
61,North Cyprus,0.43596,1.31141,,0.26322,0.16577999999999998,62,5.771,0.8414200000000001,0.81826,2016
62,Slovenia,0.53164,1.2994700000000001,,0.25738,0.03635,63,5.768,0.79151,1.05613,2016
63,Peru,0.37501999999999996,0.9960200000000001,,0.14527,0.05292,64,5.742999999999999,0.6299399999999999,0.81255,2016
64,Turkmenistan,0.37408,1.08017,,0.22566999999999998,0.28467,65,5.6579999999999995,0.44006000000000006,1.03817,2016
65,Mauritius,0.46145,1.14372,,0.36951,0.05202999999999999,66,5.648,0.66189,0.75695,2016
66,Libya,0.40671999999999997,1.0668799999999998,,0.17087,0.10339000000000001,67,5.615,0.52304,0.95076,2016
67,Latvia,0.27996,1.2178799999999999,,0.17445,0.0889,68,5.56,0.63952,0.95025,2016
68,Cyprus,0.29507,1.31857,,0.27906,0.05227999999999999,69,5.546,0.8488,0.70697,2016
69,Paraguay,0.46235,0.8937299999999999,,0.25296,0.07396,70,5.537999999999999,0.58295,1.11111,2016
70,Romania,0.36712,1.1697,,0.12889,0.006790000000000001,71,5.528,0.67602,0.7280300000000001,2016
71,Estonia,0.41511000000000003,1.2796399999999999,,0.08423,0.18519000000000002,72,5.517,0.68098,1.0516299999999998,2016
72,Jamaica,0.43596999999999997,0.89333,,0.22245,0.04294,73,5.51,0.5946899999999999,0.96372,2016
73,Croatia,0.23906999999999998,1.18649,,0.18434,0.04002,74,5.4879999999999995,0.70524,0.6080899999999999,2016
74,Hong Kong,0.48078999999999994,1.5107,,0.40097,0.31647,75,5.457999999999999,0.9527700000000001,0.87021,2016
75,Somalia,0.5677800000000001,0.0,,0.27225,0.3118,76,5.44,0.11465999999999998,0.33613000000000004,2016
76,Kosovo,0.14396,0.90145,,0.27992,0.06547,77,5.401,0.54,0.66062,2016
77,Turkey,0.23889000000000002,1.1649200000000002,,0.04707,0.12347999999999999,78,5.388999999999999,0.64718,0.8771700000000001,2016
78,Indonesia,0.39237,0.95104,,0.56521,0.00322,79,5.314,0.49373999999999996,0.87625,2016
79,Jordan,0.36023,0.9967299999999999,,0.14262,0.13297,80,5.303,0.60712,0.86216,2016
80,Azerbaijan,0.35327,1.12373,,0.0564,0.17914000000000002,81,5.291,0.54504,0.76042,2016
81,Philippines,0.5485399999999999,0.81217,,0.21674000000000002,0.11757000000000001,82,5.279,0.47036000000000006,0.87877,2016
82,China,0.44011999999999996,1.0278,,0.049589999999999995,0.02745,83,5.245,0.73561,0.79381,2016
83,Bhutan,0.46074,0.8527,,0.48546000000000006,0.1616,84,5.196000000000001,0.49759,0.9083600000000001,2016
84,Kyrgyzstan,0.40212,0.5604399999999999,,0.38432,0.047619999999999996,85,5.185,0.5544899999999999,0.95434,2016
85,Serbia,0.15718,1.03437,,0.20736999999999997,0.04339,86,5.1770000000000005,0.6458,0.81329,2016
86,Bosnia and Herzegovina,0.09511,0.9338299999999999,,0.29889,0.0,87,5.162999999999999,0.7076600000000001,0.64367,2016
87,Montenegro,0.15111,1.07838,,0.17190999999999998,0.12721,88,5.1610000000000005,0.6353300000000001,0.74173,2016
88,Dominican Republic,0.52259,1.02787,,0.21286,0.12372000000000001,89,5.155,0.5766899999999999,0.9949600000000001,2016
89,Morocco,0.25645999999999997,0.8405799999999999,,0.040530000000000004,0.08404,90,5.151,0.5947100000000001,0.38595,2016
90,Hungary,0.1977,1.24142,,0.099,0.044719999999999996,91,5.145,0.67608,0.9316399999999999,2016
91,Pakistan,0.14622000000000002,0.68816,,0.31185,0.1388,92,5.132000000000001,0.40306,0.26135,2016
92,Lebanon,0.26228,1.12268,,0.23693000000000003,0.030610000000000002,93,5.129,0.76171,0.64184,2016
93,Portugal,0.44727,1.27607,,0.11690999999999999,0.01521,94,5.122999999999999,0.7936300000000001,0.9436700000000001,2016
94,Macedonia,0.27668000000000004,1.0193,,0.23506999999999997,0.07047,95,5.121,0.6473800000000001,0.78236,2016
95,Vietnam,0.5595399999999999,0.74037,,0.25075,0.11556,96,5.061,0.66157,0.7911699999999999,2016
96,Somaliland Region,0.3913,0.25558000000000003,,0.51479,0.36794,97,5.0569999999999995,0.33108000000000004,0.75862,2016
97,Tunisia,0.23553000000000002,0.97724,,0.03936,0.0817,98,5.045,0.59577,0.43165,2016
98,Greece,0.05822000000000001,1.24886,,0.0,0.04127,99,5.033,0.80029,0.75473,2016
99,Tajikistan,0.43408,0.48835,,0.25998000000000004,0.13509000000000002,100,4.996,0.5311899999999999,0.75602,2016
100,Mongolia,0.35972,0.9885299999999999,,0.34539000000000003,0.03285,101,4.907,0.55469,1.0898299999999999,2016
101,Laos,0.52168,0.68042,,0.43078999999999995,0.22423,102,4.876,0.38291,0.5497,2016
102,Nigeria,0.27854,0.75216,,0.23219,0.0305,103,4.875,0.05108,0.64498,2016
103,Honduras,0.26755,0.69429,,0.2044,0.06906,104,4.871,0.5838300000000001,0.7559600000000001,2016
104,Iran,0.22544,1.11758,,0.38538,0.0557,105,4.813,0.64232,0.38856999999999997,2016
105,Zambia,0.42662,0.61202,,0.17865999999999999,0.11479,106,4.795,0.23573000000000002,0.6376,2016
106,Nepal,0.37012,0.44626000000000005,,0.3816,0.07007999999999999,107,4.793,0.50073,0.69699,2016
107,Palestinian Territories,0.17744000000000001,0.67024,,0.11154000000000001,0.10613,108,4.754,0.56844,0.71629,2016
108,Albania,0.31866,0.9553,,0.1684,0.05301,109,4.655,0.73007,0.50163,2016
109,Bangladesh,0.39778,0.54177,,0.19132000000000002,0.12583,110,4.643,0.52989,0.24749000000000002,2016
110,Sierra Leone,0.30685,0.36485,,0.23897,0.08196,111,4.635,0.0,0.628,2016
111,Iraq,0.24856,1.07474,,0.19589,0.13635999999999998,112,4.575,0.51076,0.59205,2016
112,Namibia,0.48613999999999996,0.9328700000000001,,0.07795,0.10397999999999999,113,4.574,0.34745,0.70362,2016
113,Cameroon,0.42736,0.5249699999999999,,0.2268,0.06126,114,4.513,0.12697999999999998,0.62542,2016
114,Ethiopia,0.36703,0.29283000000000003,,0.29522,0.1717,115,4.508,0.34578000000000003,0.37932,2016
115,South Africa,0.42483000000000004,1.02416,,0.13656,0.08415,116,4.459,0.18611,0.9605299999999999,2016
116,Sri Lanka,0.50817,0.9731799999999999,,0.46978000000000003,0.07964,117,4.415,0.62007,0.84783,2016
117,India,0.40285,0.74036,,0.25028,0.08722,118,4.404,0.45091000000000003,0.29247,2016
118,Myanmar,0.42691999999999997,0.34112,,0.81971,0.20243,119,4.395,0.3988,0.69981,2016
119,Egypt,0.18847,0.95395,,0.12705999999999998,0.10393,120,4.362,0.5211600000000001,0.49813,2016
120,Armenia,0.14037,0.8608600000000001,,0.07793,0.036160000000000005,121,4.36,0.64083,0.6247699999999999,2016
121,Kenya,0.40576,0.52267,,0.41328000000000004,0.06686,122,4.356,0.30146999999999996,0.7624,2016
122,Ukraine,0.12859,0.87287,,0.20363,0.01829,123,4.324,0.58628,1.01413,2016
123,Ghana,0.40973000000000004,0.63107,,0.21203000000000002,0.0326,124,4.276,0.29681,0.49353,2016
124,Congo (Kinshasa),0.15602,0.05661,,0.25458000000000003,0.06075,125,4.272,0.188,0.80676,2016
125,Georgia,0.32461,0.8379200000000001,,0.06786,0.3188,126,4.252,0.64035,0.19249000000000002,2016
126,Congo (Brazzaville),0.37938,0.7710899999999999,,0.12077,0.09752999999999999,127,4.236000000000001,0.28212,0.47798999999999997,2016
127,Senegal,0.31056,0.44314,,0.19103,0.11681,128,4.218999999999999,0.40457,0.7741600000000001,2016
128,Bulgaria,0.21219000000000002,1.11306,,0.12793,0.00615,129,4.217,0.67806,0.92542,2016
129,Mauritania,0.1268,0.6139100000000001,,0.22685999999999998,0.17955,130,4.2010000000000005,0.28639000000000003,0.8414200000000001,2016
130,Zimbabwe,0.25429,0.35041,,0.18503,0.08582000000000001,131,4.1930000000000005,0.1595,0.71478,2016
131,Malawi,0.4143,0.08709,,0.30968,0.07564,132,4.156000000000001,0.29364,0.147,2016
132,Sudan,0.0,0.63069,,0.18077000000000001,0.10039,133,4.138999999999999,0.29759,0.8192799999999999,2016
133,Gabon,0.28098,1.15851,,0.062439999999999996,0.09314,134,4.121,0.3494,0.72368,2016
134,Mali,0.27544,0.31292,,0.21064000000000002,0.13647,135,4.073,0.16347,0.8633299999999999,2016
135,Haiti,0.12072000000000001,0.34097,,0.47958,0.14476,136,4.0280000000000005,0.27494,0.29561,2016
136,Botswana,0.44088999999999995,1.09426,,0.12425,0.10769000000000001,137,3.9739999999999998,0.34752,0.89186,2016
137,Comoros,0.15412,0.27509,,0.1827,0.18437,138,3.9560000000000004,0.29980999999999997,0.60323,2016
138,Ivory Coast,0.40663,0.55507,,0.20338,0.1553,139,3.9160000000000004,0.04476,0.57576,2016
139,Cambodia,0.5885199999999999,0.55604,,0.40339,0.08092,140,3.907,0.42494,0.5375,2016
140,Angola,0.00589,0.84731,,0.12070999999999998,0.08434,141,3.866,0.04991,0.66366,2016
141,Niger,0.38040999999999997,0.1327,,0.2097,0.17176,142,3.8560000000000003,0.26161999999999996,0.6053,2016
142,South Sudan,0.19662000000000002,0.39394,,0.25899,0.13015,143,3.832,0.15780999999999998,0.18519000000000002,2016
143,Chad,0.12807000000000002,0.42213999999999996,,0.18667,0.04952,144,3.763,0.038239999999999996,0.63178,2016
144,Burkina Faso,0.3337,0.31995,,0.24353000000000002,0.12533,145,3.739,0.21297,0.63054,2016
145,Uganda,0.43653000000000003,0.34719,,0.27102,0.06442,145,3.739,0.19625,0.90981,2016
146,Yemen,0.2287,0.57939,,0.09821,0.05892000000000001,147,3.7239999999999998,0.31048000000000003,0.47493,2016
147,Madagascar,0.13684000000000002,0.27954,,0.2204,0.07506,148,3.695,0.37109000000000003,0.46115,2016
148,Tanzania,0.3176,0.47155,,0.31472,0.05099,149,3.6660000000000004,0.35700000000000004,0.77623,2016
149,Liberia,0.25748000000000004,0.10705999999999999,,0.24063,0.04852,150,3.622,0.23165,0.50353,2016
150,Guinea,0.30953,0.22415,,0.29914,0.1192,151,3.6069999999999998,0.18829,0.3109,2016
151,Rwanda,0.5432,0.32846,,0.23551999999999998,0.50521,152,3.515,0.31865,0.6158600000000001,2016
152,Benin,0.39747,0.39499,,0.2018,0.06681000000000001,153,3.484,0.21028000000000002,0.10419,2016
153,Afghanistan,0.1643,0.38227,,0.31268,0.07112,154,3.36,0.17344,0.11037000000000001,2016
154,Togo,0.34678000000000003,0.28123000000000004,,0.17517,0.11587,155,3.303,0.24811,0.0,2016
155,Syria,0.06912,0.7471899999999999,,0.48396999999999996,0.17232999999999998,156,3.069,0.6299399999999999,0.14866,2016
156,Burundi,0.0432,0.06831,,0.2029,0.09419,157,2.905,0.15747,0.23442,2016
0,Norway,0.635422587394714,1.6164631843566901,,0.36201223731041,0.31596383452415505,1,7.537000179290769,0.796666502952576,1.53352355957031,2017
1,Denmark,0.626006722450256,1.48238301277161,,0.3552804887294771,0.40077006816863997,2,7.52199983596802,0.7925655245780941,1.55112159252167,2017
2,Iceland,0.6271626353263849,1.480633020401,,0.47554022073745705,0.15352655947208402,3,7.50400018692017,0.8335521221160892,1.6105740070343,2017
3,Switzerland,0.620070576667786,1.5649795532226598,,0.29054927825927696,0.36700728535652205,4,7.49399995803833,0.858131289482117,1.51691174507141,2017
4,Finland,0.6179508566856379,1.44357192516327,,0.24548277258873,0.38261154294014,5,7.468999862670901,0.80915766954422,1.5402467250824,2017
5,Netherlands,0.5853844881057739,1.50394463539124,,0.47048982977867104,0.282661825418472,6,7.3769998550415,0.8106961250305179,1.42893922328949,2017
6,Canada,0.611100912094116,1.47920441627502,,0.435539722442627,0.287371516227722,7,7.31599998474121,0.83455765247345,1.48134899139404,2017
7,New Zealand,0.6140621304512021,1.40570604801178,,0.500005125999451,0.38281670212745705,8,7.31400012969971,0.816759705543518,1.54819512367249,2017
8,Sweden,0.612924098968506,1.49438726902008,,0.38539925217628496,0.384398728609085,9,7.28399991989136,0.830875158309937,1.47816216945648,2017
9,Australia,0.601607382297516,1.4844149351120002,,0.47769924998283403,0.301183730363846,10,7.28399991989136,0.84388679265976,1.5100419521331798,2017
10,Israel,0.40598860383033797,1.3753824234008798,,0.330082654953003,0.0852421000599861,11,7.212999820709231,0.83840399980545,1.37628996372223,2017
11,Costa Rica,0.580131649971008,1.10970628261566,,0.21461322903633104,0.100106589496136,12,7.0789999961853,0.7595092654228209,1.4164036512374898,2017
12,Austria,0.567766189575195,1.4870972633361799,,0.316472321748734,0.22106036543846105,13,7.00600004196167,0.8153284192085269,1.4599449634552,2017
13,United States,0.505740523338318,1.54625928401947,,0.392578780651093,0.135638788342476,14,6.993000030517581,0.7742866277694699,1.4199205636978103,2017
14,Ireland,0.5731103420257571,1.5357066392898602,,0.42785832285881,0.29838815331459007,15,6.9770002365112305,0.8097826242446899,1.5582311153411899,2017
15,Germany,0.562511384487152,1.48792338371277,,0.33626917004585305,0.276731938123703,16,6.9510002136230495,0.798950731754303,1.47252035140991,2017
16,Belgium,0.5397707223892211,1.4637807607650801,,0.23150333762168898,0.251343131065369,17,6.89099979400635,0.8180918693542479,1.4623126983642598,2017
17,Luxembourg,0.59662789106369,1.74194359779358,,0.283180981874466,0.31883442401886,18,6.86299991607666,0.845089495182037,1.45758366584778,2017
18,United Kingdom,0.508190035820007,1.44163393974304,,0.492774158716202,0.265428066253662,19,6.71400022506714,0.805335938930511,1.4964600801467902,2017
19,Chile,0.376895278692245,1.25278460979462,,0.3266624212265011,0.0822879821062088,20,6.65199995040894,0.8194797039031979,1.28402495384216,2017
20,United Arab Emirates,0.60834527015686,1.6263433694839498,,0.3609419465065,0.324489563703537,21,6.6479997634887695,0.726798236370087,1.2664102315902699,2017
21,Brazil,0.437453746795654,1.1073532104492199,,0.16234989464282998,0.11109276115894301,22,6.6350002288818395,0.6165523529052729,1.43130600452423,2017
22,Czech Republic,0.49094617366790794,1.35268235206604,,0.0881067588925362,0.0368729270994663,23,6.60900020599365,0.754444003105164,1.4338852167129499,2017
23,Argentina,0.49451920390129106,1.18529546260834,,0.109457060694695,0.05973988771438599,24,6.59899997711182,0.695137083530426,1.44045114517212,2017
24,Mexico,0.412730008363724,1.1531838178634601,,0.12099043279886199,0.132774114608765,25,6.57800006866455,0.709978997707367,1.2108621597290001,2017
25,Singapore,0.549840569496155,1.69227766990662,,0.345965981483459,0.46430778503417997,26,6.57200002670288,0.9494923949241642,1.35381436347961,2017
26,Malta,0.588767051696777,1.34327983856201,,0.5747305750846861,0.153066068887711,27,6.52699995040894,0.821944236755371,1.48841166496277,2017
27,Uruguay,0.5793922543525699,1.2175596952438401,,0.175096929073334,0.17806187272071802,28,6.4539999961853,0.719216823577881,1.4122278690338101,2017
28,Guatemala,0.5313106179237371,0.872001945972443,,0.283488392829895,0.0772232785820961,29,6.4539999961853,0.540239989757538,1.25558519363403,2017
29,Panama,0.550026834011078,1.23374843597412,,0.21055693924427,0.070983923971653,30,6.4520001411438,0.706156134605408,1.3731925487518302,2017
30,France,0.470222115516663,1.43092346191406,,0.129762306809425,0.172502428293228,31,6.44199991226196,0.8444658517837521,1.38777685165405,2017
31,Thailand,0.580200731754303,1.12786877155304,,0.572123110294342,0.0316127352416515,32,6.4239997863769505,0.647239029407501,1.4257924556732198,2017
32,Taiwan Province of China,0.361466586589813,1.4336265325546298,,0.258360475301743,0.0638292357325554,33,6.42199993133545,0.793984234333038,1.38456535339355,2017
33,Spain,0.408781230449677,1.38439786434174,,0.190133571624756,0.0709140971302986,34,6.40299987792969,0.888960599899292,1.53209090232849,2017
34,Qatar,0.604130983352661,1.8707656860351598,,0.33047387003898604,0.43929925560951205,35,6.375,0.7100980877876278,1.27429687976837,2017
35,Colombia,0.47748741507530196,1.07062232494354,,0.14901447296142598,0.0466687418520451,36,6.35699987411499,0.595027923583984,1.4021829366683998,2017
36,Saudi Arabia,0.449750572443008,1.53062355518341,,0.147616013884544,0.27343225479126004,37,6.343999862670901,0.590148329734802,1.28667759895325,2017
37,Trinidad and Tobago,0.518630743026733,1.36135590076447,,0.32529646158218395,0.00896481610834599,38,6.1680002212524405,0.5199832916259771,1.3802285194397,2017
38,Kuwait,0.49633759260177596,1.63295245170593,,0.228289797902107,0.21515955030918102,39,6.10500001907349,0.6321057081222529,1.25969874858856,2017
39,Slovakia,0.295817464590073,1.32539355754852,,0.136544480919838,0.0242108516395092,40,6.09800004959106,0.712732911109924,1.5050592422485398,2017
40,Bahrain,0.536746919155121,1.4884122610092199,,0.17266848683357197,0.257042169570923,41,6.08699989318848,0.653133034706116,1.3231104612350502,2017
41,Malaysia,0.40226498246192893,1.29121541976929,,0.416608929634094,0.0656007081270218,42,6.08400011062622,0.618784427642822,1.28464603424072,2017
42,Nicaragua,0.447551846504211,0.737299203872681,,0.301674216985703,0.130687981843948,43,6.07100009918213,0.6530959606170649,1.28721570968628,2017
43,Ecuador,0.4551981985569,1.00082039833069,,0.15011246502399403,0.140134647488594,44,6.00799989700317,0.685636222362518,1.2861688137054401,2017
44,El Salvador,0.432452529668808,0.9097844958305359,,0.0782579854130745,0.0899809598922729,45,6.002999782562259,0.596018552780151,1.1821250915527302,2017
45,Poland,0.520342111587524,1.29178786277771,,0.158465966582298,0.0593078061938286,46,5.97300004959106,0.699475347995758,1.44571197032928,2017
46,Uzbekistan,0.6582486629486078,0.786441087722778,,0.41598364710807795,0.246528223156929,47,5.97100019454956,0.498272627592087,1.5489691495895401,2017
47,Italy,0.256450712680817,1.3950666189193701,,0.17278964817523998,0.0280280914157629,48,5.96400022506714,0.8531443476676941,1.44492328166962,2017
48,Russia,0.373783111572266,1.28177809715271,,0.0522638224065304,0.0329628810286522,49,5.962999820709231,0.547349333763123,1.46928238868713,2017
49,Belize,0.5475093722343439,0.907975316047668,,0.24001564085483604,0.0965810716152191,50,5.955999851226809,0.45019176602363603,1.0814177989959701,2017
50,Japan,0.505625545978546,1.41691517829895,,0.12057276815175999,0.163760736584663,51,5.92000007629395,0.9134758710861209,1.43633782863617,2017
51,Lithuania,0.234231784939766,1.3145823478698702,,0.010164656676352,0.0118656428530812,52,5.90199995040894,0.62894994020462,1.47351610660553,2017
52,Algeria,0.233335807919502,1.09186446666718,,0.0694366469979286,0.14609611034393302,53,5.872000217437741,0.6175846457481379,1.1462174654007,2017
53,Latvia,0.32570791244506797,1.26074862480164,,0.153074786067009,0.0738427266478539,54,5.849999904632571,0.638566970825195,1.40471494197845,2017
54,South Korea,0.257921665906906,1.40167844295502,,0.206674367189407,0.0632826685905457,55,5.837999820709231,0.900214076042175,1.1282744407653797,2017
55,Moldova,0.24072904884815197,0.7288706302642819,,0.20877912640571603,0.0100912861526012,56,5.837999820709231,0.5894652009010309,1.25182557106018,2017
56,Romania,0.457003742456436,1.21768391132355,,0.133519917726517,0.0043879006989300294,57,5.824999809265139,0.6851583123207089,1.15009129047394,2017
57,Bolivia,0.5587329268455511,0.833756566047668,,0.22556072473526,0.0604777261614799,58,5.82299995422363,0.47363024950027505,1.2276190519332901,2017
58,Turkmenistan,0.41827192902565,1.1307767629623402,,0.24992498755454998,0.25927034020423895,59,5.82200002670288,0.437726080417633,1.49314916133881,2017
59,Kazakhstan,0.43745428323745705,1.2845562696456898,,0.20196442306041698,0.11928288638591802,60,5.8189997673034695,0.6060415506362921,1.3843690156936599,2017
60,North Cyprus,0.47120362520217896,1.3469113111496,,0.266845703125,0.155353352427483,61,5.80999994277954,0.834647238254547,1.18630337715149,2017
61,Slovenia,0.572575807571411,1.3412059545516999,,0.242649093270302,0.0451289787888527,62,5.75799989700317,0.7908282279968258,1.4525188207626298,2017
62,Peru,0.45000287890434293,1.0352252721786501,,0.126819714903831,0.0470490865409374,63,5.71500015258789,0.6301661133766171,1.21877038478851,2017
63,Mauritius,0.491247326135635,1.1893955469131499,,0.360933750867844,0.0421815551817417,64,5.62900018692017,0.6380074620246889,1.20956099033356,2017
64,Cyprus,0.35511153936386103,1.3559380769729599,,0.271254301071167,0.0412379764020443,65,5.62099981307983,0.84471470117569,1.13136327266693,2017
65,Estonia,0.479131430387497,1.3208793401718102,,0.0988908112049103,0.18324892222881303,66,5.61100006103516,0.695168316364288,1.47667109966278,2017
66,Belarus,0.295400261878967,1.15655755996704,,0.15513750910759,0.156313821673393,67,5.5689997673034695,0.6377142667770389,1.4449452161788898,2017
67,Libya,0.465733230113983,1.1018030643463101,,0.15207366645336198,0.0926102101802826,68,5.525000095367429,0.520169019699097,1.3575643301010099,2017
68,Turkey,0.300740599632263,1.1982743740081798,,0.0466930419206619,0.0996715798974037,69,5.5,0.6376056075096129,1.33775317668915,2017
69,Paraguay,0.473507791757584,0.932537317276001,,0.224150657653809,0.091065913438797,70,5.493000030517581,0.579250693321228,1.50728487968445,2017
70,"Hong Kong S.A.R., China",0.490968644618988,1.55167484283447,,0.374465793371201,0.29393374919891396,71,5.47200012207031,0.943062424659729,1.26279091835022,2017
71,Philippines,0.585214674472809,0.85769921541214,,0.193513423204422,0.0993318930268288,72,5.42999982833862,0.46800905466079706,1.25391757488251,2017
72,Serbia,0.20871552824974102,1.06931757926941,,0.22012588381767298,0.0409037806093693,73,5.39499998092651,0.65078467130661,1.2581897974014298,2017
73,Jordan,0.418421149253845,0.9910123944282528,,0.17217046022415197,0.11980327218771002,74,5.33599996566772,0.6045900583267211,1.2390888929367099,2017
74,Hungary,0.17586351931095098,1.2860119342803997,,0.0784016624093056,0.0366369374096394,75,5.32399988174438,0.6877634525299069,1.34313309192657,2017
75,Jamaica,0.474307239055634,0.925579309463501,,0.23381833732128102,0.0552677810192108,76,5.31099987030029,0.6410223841667181,1.3682180643081698,2017
76,Croatia,0.255772292613983,1.22255623340607,,0.248002976179123,0.0431031100451946,77,5.2930002212524405,0.701288521289825,0.9679830074310299,2017
77,Kosovo,0.260287940502167,0.951484382152557,,0.319931447505951,0.0574716180562973,78,5.27899980545044,0.541452050209045,1.1378535032272301,2017
78,China,0.47278770804405196,1.08116579055786,,0.0288068410009146,0.0227942746132612,79,5.2729997634887695,0.741415500640869,1.16083741188049,2017
79,Pakistan,0.23521526157856,0.7268835306167599,,0.31544601917266807,0.12434806674718901,80,5.26900005340576,0.40204778313636796,0.6726906895637509,2017
80,Indonesia,0.443323463201523,0.995538592338562,,0.611704587936401,0.0153171354904771,81,5.26200008392334,0.49234572052955605,1.2744446992874099,2017
81,Venezuela,0.15399712324142498,1.12843120098114,,0.0650196298956871,0.0644911229610443,82,5.25,0.617144227027893,1.43133759498596,2017
82,Montenegro,0.194989055395126,1.12112903594971,,0.197911024093628,0.0881741940975189,83,5.23699998855591,0.6674646735191351,1.23837649822235,2017
83,Morocco,0.408158332109451,0.8781145811080929,,0.0322099551558495,0.0877631828188896,84,5.2350001335144,0.59771066904068,0.774864435195923,2017
84,Azerbaijan,0.39815583825111406,1.1536017656326298,,0.0452693402767181,0.180987507104874,85,5.234000205993651,0.5407757759094239,1.15240025520325,2017
85,Dominican Republic,0.55258983373642,1.07937383651733,,0.186967849731445,0.113945253193378,86,5.230000019073491,0.574873745441437,1.4024167060852097,2017
86,Greece,0.0957312509417534,1.28948748111725,,0.0,0.043289776891470004,87,5.2270002365112305,0.8101989030838009,1.23941457271576,2017
87,Lebanon,0.28851598501205394,1.07498753070831,,0.26445075869560203,0.037513829767704,88,5.22499990463257,0.7350810766220089,1.1296242475509601,2017
88,Portugal,0.498465299606323,1.3151752948761002,,0.0951027125120163,0.0158694516867399,89,5.19500017166138,0.795843541622162,1.36704301834106,2017
89,Bosnia and Herzegovina,0.204403176903725,0.982409417629242,,0.328867495059967,0.0,90,5.18200016021729,0.705186307430267,1.0693359375,2017
90,Honduras,0.348079860210419,0.730573117733002,,0.23618887364864302,0.0733454525470734,91,5.1810002326965305,0.582569479942322,1.14394497871399,2017
91,Macedonia,0.325905978679657,1.06457793712616,,0.25376096367836,0.0602777935564518,92,5.175000190734861,0.644948184490204,1.20789301395416,2017
92,Somalia,0.602126955986023,0.0226431842893362,,0.291631311178207,0.28241032361984303,93,5.151000022888179,0.11398913711309401,0.7211513519287109,2017
93,Vietnam,0.571055591106415,0.7885475754737851,,0.23496805131435397,0.0876332372426987,94,5.07399988174438,0.6521689891815191,1.27749133110046,2017
94,Nigeria,0.394952565431595,0.783756256103516,,0.23094719648361198,0.0261215660721064,95,5.07399988174438,0.0569157302379608,1.21577048301697,2017
95,Tajikistan,0.47156670689582797,0.524713635444641,,0.24899764358997303,0.14637714624404902,96,5.04099988937378,0.5292351245880129,1.27146327495575,2017
96,Bhutan,0.5015376806259161,0.885416388511658,,0.474054545164108,0.17338038980960802,97,5.01100015640259,0.495879292488098,1.3401265144348102,2017
97,Kyrgyzstan,0.454943388700485,0.5962200760841371,,0.42858037352562,0.0394391790032387,98,5.0040001869201705,0.553457796573639,1.39423859119415,2017
98,Nepal,0.44030594825744607,0.479820191860199,,0.39409616589546204,0.0729755461215973,99,4.961999893188481,0.504130780696869,1.17928326129913,2017
99,Mongolia,0.39414396882057207,1.0272358655929599,,0.338464230298996,0.0329022891819477,100,4.95499992370605,0.557783484458923,1.4930112361908001,2017
100,South Africa,0.479246735572815,1.05469870567322,,0.13936237990856198,0.0725094974040985,101,4.8289999961853,0.18708007037639604,1.38478863239288,2017
101,Tunisia,0.289680689573288,1.00726580619812,,0.0496933571994305,0.0867231488227844,102,4.80499982833862,0.613212049007416,0.8683514595031742,2017
102,Palestinian Territories,0.25471106171608,0.716249227523804,,0.114173173904419,0.0892826020717621,103,4.77500009536743,0.565666973590851,1.1556471586227401,2017
103,Egypt,0.28211015462875394,0.989701807498932,,0.128631442785263,0.114381365478039,104,4.7350001335144,0.520187258720398,0.997471392154694,2017
104,Bulgaria,0.28923171758651695,1.1614590883255,,0.113177694380283,0.0110515309497714,105,4.71400022506714,0.708217680454254,1.4343794584274299,2017
105,Sierra Leone,0.318697690963745,0.36842092871666,,0.293040901422501,0.0710951760411263,106,4.70900011062622,0.005564753897488121,0.984136044979095,2017
106,Cameroon,0.430388748645782,0.564305365085602,,0.23629845678806302,0.0513066314160824,107,4.69500017166138,0.132892116904259,0.946018218994141,2017
107,Iran,0.24932260811328896,1.15687310695648,,0.387242913246155,0.048761073499918005,108,4.69199991226196,0.639333188533783,0.7115512490272521,2017
108,Albania,0.381498634815216,0.996192753314972,,0.20131294429302202,0.0398642159998417,109,4.64400005340576,0.731159746646881,0.8036852478981021,2017
109,Bangladesh,0.478356659412384,0.586682975292206,,0.17225535213947304,0.123717859387398,110,4.60799980163574,0.533241033554077,0.735131740570068,2017
110,Namibia,0.520303547382355,0.964434325695038,,0.0771337449550629,0.0931469723582268,111,4.57399988174438,0.33861181139946,1.0984708070755,2017
111,Kenya,0.45276376605033897,0.560479462146759,,0.444860309362411,0.0646413192152977,112,4.55299997329712,0.30998834967613204,1.0679507255554201,2017
112,Mozambique,0.48079109191894503,0.23430564999580397,,0.322228103876114,0.17943638563156103,113,4.550000190734861,0.10665443539619399,0.870701014995575,2017
113,Myanmar,0.514492034912109,0.36711055040359497,,0.8380751609802249,0.188816204667091,114,4.54500007629395,0.397522568702698,1.12323594093323,2017
114,Senegal,0.37792226672172496,0.479309022426605,,0.183468893170357,0.11546044796705199,115,4.53499984741211,0.409362852573395,1.17969191074371,2017
115,Zambia,0.461603492498398,0.6364067792892459,,0.249580144882202,0.0782135501503944,116,4.513999938964839,0.25783589482307395,1.00318729877472,2017
116,Iraq,0.288555532693863,1.1027104854583702,,0.19963726401329,0.10721575468778599,117,4.49700021743774,0.501180469989777,0.978613197803497,2017
117,Gabon,0.31232857704162603,1.1982102394104,,0.0437853783369064,0.0760467872023582,118,4.46500015258789,0.35657858848571794,1.1556202173233001,2017
118,Ethiopia,0.408842742443085,0.339233845472336,,0.31265074014663696,0.16545571386814098,119,4.46000003814697,0.35340970754623396,0.8646692037582401,2017
119,Sri Lanka,0.561213254928589,1.00985014438629,,0.49086356163024897,0.0736539661884308,120,4.44000005722046,0.625130832195282,1.25997638702393,2017
120,Armenia,0.198303267359734,0.900596737861633,,0.0834880918264389,0.0266744215041399,121,4.37599992752075,0.637524425983429,1.00748372077942,2017
121,India,0.469987004995346,0.7922212481498722,,0.23153848946094502,0.0922268852591515,122,4.31500005722046,0.455427616834641,0.754372596740723,2017
122,Mauritania,0.0960980430245399,0.6484572887420649,,0.201870024204254,0.136957004666328,123,4.29199981689453,0.285349279642105,1.2720308303833001,2017
123,Congo (Brazzaville),0.4350258708000179,0.8089642524719242,,0.12085212767124198,0.0796181336045265,124,4.29099988937378,0.28995743393898,0.8320443630218509,2017
124,Georgia,0.309410035610199,0.950612664222717,,0.0540088154375553,0.25166663527488703,125,4.28599977493286,0.649546980857849,0.57061493396759,2017
125,Congo (Kinshasa),0.235961347818375,0.0921023488044739,,0.246455833315849,0.0602413564920425,126,4.2800002098083505,0.191407024860382,1.22902345657349,2017
126,Mali,0.306613743305206,0.476180493831635,,0.183354198932648,0.10497024655342098,127,4.19000005722046,0.16936567425727803,1.2814733982086202,2017
127,Ivory Coast,0.4477061927318571,0.6030489206314089,,0.201237469911575,0.130061775445938,128,4.17999982833862,0.0486421696841717,0.904780030250549,2017
128,Cambodia,0.633375823497772,0.6017650961875921,,0.385922968387604,0.0681059509515762,129,4.1680002212524405,0.429783403873444,1.00623834133148,2017
129,Sudan,0.0149958552792668,0.6595166921615601,,0.182317450642586,0.089847519993782,130,4.138999938964839,0.290920823812485,1.21400856971741,2017
130,Ghana,0.423026293516159,0.667224824428558,,0.25692394375801103,0.0253363698720932,131,4.11999988555908,0.29563772678375205,0.873664736747742,2017
131,Ukraine,0.12297477573156401,0.89465194940567,,0.270061463117599,0.0230294708162546,132,4.09600019454956,0.575903952121735,1.39453756809235,2017
132,Uganda,0.443185955286026,0.381430715322495,,0.32576605677604703,0.057069718837738,133,4.08099985122681,0.21763260662555703,1.12982773780823,2017
133,Burkina Faso,0.32436785101890603,0.35022771358490007,,0.250864684581757,0.12032810598611803,134,4.03200006484985,0.21584425866603896,1.04328000545502,2017
134,Niger,0.36365869641304,0.16192533075809498,,0.22867384552955602,0.13857294619083402,135,4.02799987792969,0.26850500702858,0.993025004863739,2017
135,Malawi,0.466914653778076,0.233442038297653,,0.28717046976089505,0.0727116540074348,136,3.97000002861023,0.315089583396912,0.5125688314437871,2017
136,Chad,0.16234202682972002,0.43801298737525896,,0.21611385047435802,0.0535818822681904,137,3.9360001087188703,0.0411347150802612,0.953855872154236,2017
137,Zimbabwe,0.336384207010269,0.37584653496742204,,0.189143493771553,0.0953753814101219,138,3.875,0.19676375389099102,1.08309590816498,2017
138,Lesotho,0.390661299228668,0.521021246910095,,0.157497271895409,0.119094640016556,139,3.80800008773804,0.0,1.19009518623352,2017
139,Angola,0.0,0.8584281802177429,,0.09792649000883098,0.0697203353047371,140,3.79500007629395,0.0498686656355858,1.1044119596481299,2017
140,Afghanistan,0.106179520487785,0.401477217674255,,0.311870932579041,0.0611578300595284,141,3.7939999103546103,0.18074677884578697,0.581543326377869,2017
141,Botswana,0.505196332931519,1.12209415435791,,0.0993484482169151,0.0985831990838051,142,3.7660000324249303,0.34175550937652605,1.2215549945831299,2017
142,Benin,0.42596277594566295,0.43108540773391707,,0.207948461174965,0.0609290152788162,143,3.65700006484985,0.20993021130561804,0.43529984354972795,2017
143,Madagascar,0.18919676542282102,0.305808693170547,,0.208732530474663,0.0672319754958153,144,3.64400005340576,0.375223308801651,0.9130203723907471,2017
144,Haiti,0.0303698573261499,0.368610262870789,,0.48920378088951094,0.0998721495270729,145,3.6029999256133998,0.277321130037308,0.640449821949005,2017
145,Yemen,0.24946372210979503,0.5916834473609921,,0.104125209152699,0.0567674227058887,146,3.59299993515015,0.310080915689468,0.93538224697113,2017
146,South Sudan,0.147062435746193,0.39724862575531,,0.285670816898346,0.116793513298035,147,3.5910000801086404,0.163486003875732,0.601323127746582,2017
147,Liberia,0.33288118243217496,0.11904179304838199,,0.26654988527298,0.0389482490718365,148,3.5329999923706095,0.229918196797371,0.8721179366111759,2017
148,Guinea,0.348587512969971,0.24454993009567302,,0.264815092086792,0.110937617719173,149,3.50699996948242,0.194129139184952,0.7912446856498722,2017
149,Togo,0.38042613863945,0.30544471740722695,,0.19689615070819896,0.0956650152802467,150,3.4949998855590803,0.247105568647385,0.4318825304508211,2017
150,Rwanda,0.5818438529968261,0.368745893239975,,0.25275602936744695,0.455220013856888,151,3.47099995613098,0.326424807310104,0.945707023143768,2017
151,Syria,0.0815394446253777,0.777153134346008,,0.49366372823715204,0.15134713053703303,152,3.46199989318848,0.5005333423614501,0.396102607250214,2017
152,Tanzania,0.390017777681351,0.511135876178741,,0.354256361722946,0.0660351067781448,153,3.34899997711182,0.364509284496307,1.04198980331421,2017
153,Burundi,0.0599007532000542,0.09162256866693501,,0.20443518459796897,0.0841479450464249,154,2.90499997138977,0.151610791683197,0.629793584346771,2017
154,Central African Republic,0.270842045545578,0.0,,0.280876487493515,0.0565650761127472,155,2.69300007820129,0.0187726859003305,0.0,2017
0,Finland,0.6809999999999999,,1.305,0.20199999999999999,0.39299999999999996,1,7.632000000000001,0.8740000000000001,1.5919999999999999,2018
1,Norway,0.6859999999999999,,1.456,0.28600000000000003,0.34,2,7.593999999999999,0.861,1.5819999999999999,2018
2,Denmark,0.6829999999999999,,1.351,0.284,0.408,3,7.555,0.868,1.59,2018
3,Iceland,0.677,,1.3430000000000002,0.353,0.138,4,7.495,0.914,1.6440000000000001,2018
4,Switzerland,0.66,,1.42,0.256,0.35700000000000004,5,7.487,0.927,1.5490000000000002,2018
5,Netherlands,0.638,,1.361,0.33299999999999996,0.295,6,7.441,0.878,1.4880000000000002,2018
6,Canada,0.653,,1.33,0.321,0.29100000000000004,7,7.327999999999999,0.8959999999999999,1.5319999999999998,2018
7,New Zealand,0.669,,1.268,0.365,0.389,8,7.324,0.8759999999999999,1.601,2018
8,Sweden,0.659,,1.355,0.285,0.38299999999999995,9,7.314,0.9129999999999999,1.501,2018
9,Australia,0.647,,1.34,0.361,0.302,10,7.272,0.91,1.5730000000000002,2018
10,United Kingdom,0.46399999999999997,,1.244,0.262,0.08199999999999999,11,7.19,0.888,1.433,2018
11,Austria,0.617,,1.341,0.242,0.22399999999999998,12,7.138999999999999,0.8909999999999999,1.504,2018
12,Costa Rica,0.632,,1.01,0.14300000000000002,0.10099999999999999,13,7.072,0.8170000000000001,1.459,2018
13,Ireland,0.614,,1.4480000000000002,0.307,0.306,14,6.977,0.8759999999999999,1.5830000000000002,2018
14,Germany,0.586,,1.34,0.273,0.28,15,6.965,0.861,1.474,2018
15,Belgium,0.583,,1.324,0.188,0.24,16,6.9270000000000005,0.894,1.483,2018
16,Luxembourg,0.632,,1.5759999999999998,0.196,0.321,17,6.91,0.8959999999999999,1.52,2018
17,United States,0.547,,1.3980000000000001,0.29100000000000004,0.133,18,6.886,0.8190000000000001,1.4709999999999999,2018
18,Israel,0.5329999999999999,,1.301,0.354,0.272,19,6.814,0.883,1.5590000000000002,2018
19,United Arab Emirates,0.284,,2.096,0.18600000000000003,,20,6.774,0.67,0.7759999999999999,2018
20,Czech Republic,0.5429999999999999,,1.2329999999999999,0.064,0.034,21,6.711,0.8540000000000001,1.489,2018
21,Malta,0.645,,1.27,0.376,0.142,22,6.627000000000001,0.884,1.525,2018
22,France,0.52,,1.2930000000000001,0.098,0.17600000000000002,23,6.489,0.9079999999999999,1.466,2018
23,Mexico,0.479,,1.038,0.069,0.095,24,6.4879999999999995,0.7609999999999999,1.252,2018
24,Chile,0.431,,1.131,0.19699999999999998,0.061,25,6.476,0.8079999999999999,1.331,2018
25,Taiwan,0.418,,1.365,0.151,0.078,26,6.441,0.857,1.436,2018
26,Panama,0.597,,1.112,0.125,0.063,27,6.43,0.759,1.4380000000000002,2018
27,Brazil,0.493,,0.986,0.11,0.08800000000000001,28,6.419,0.675,1.474,2018
28,Argentina,0.57,,1.073,0.062,0.054000000000000006,29,6.388,0.7440000000000001,1.4680000000000002,2018
29,Guatemala,0.604,,0.7809999999999999,0.179,0.071,30,6.382000000000001,0.608,1.268,2018
30,Uruguay,0.625,,1.093,0.13,0.155,31,6.379,0.7709999999999999,1.459,2018
31,Qatar,0.654,,1.649,0.256,0.171,32,6.374,0.748,1.3030000000000002,2018
32,Saudi Arabia,0.509,,1.379,0.098,0.127,33,6.371,0.633,1.331,2018
33,Singapore,0.631,,1.5290000000000001,0.261,0.457,34,6.343,1.008,1.4509999999999998,2018
34,Malaysia,0.35600000000000004,,1.161,0.311,0.059000000000000004,35,6.322,0.669,1.258,2018
35,Spain,0.449,,1.251,0.142,0.07400000000000001,36,6.31,0.965,1.538,2018
36,Colombia,0.531,,0.96,0.099,0.039,37,6.26,0.635,1.439,2018
37,Trinidad & Tobago,0.575,,1.2229999999999999,0.171,0.019,38,6.192,0.564,1.492,2018
38,Slovakia,0.354,,1.21,0.11800000000000001,0.013999999999999999,39,6.172999999999999,0.7759999999999999,1.537,2018
39,El Salvador,0.461,,0.8059999999999999,0.065,0.08199999999999999,40,6.167000000000001,0.639,1.2309999999999999,2018
40,Nicaragua,0.527,,0.6679999999999999,0.20800000000000002,0.128,41,6.141,0.7,1.319,2018
41,Poland,0.546,,1.176,0.10800000000000001,0.064,42,6.122999999999999,0.7809999999999999,1.4480000000000002,2018
42,Bahrain,0.594,,1.338,0.243,0.12300000000000001,43,6.105,0.698,1.3659999999999999,2018
43,Uzbekistan,0.7240000000000001,,0.7190000000000001,0.32799999999999996,0.259,44,6.096,0.605,1.584,2018
44,Kuwait,0.5539999999999999,,1.474,0.16699999999999998,0.106,45,6.082999999999999,0.675,1.301,2018
45,Thailand,0.637,,1.016,0.364,0.028999999999999998,46,6.072,0.7070000000000001,1.4169999999999998,2018
46,Italy,0.281,,1.264,0.13699999999999998,0.027999999999999997,47,6.0,0.946,1.501,2018
47,Ecuador,0.556,,0.889,0.114,0.12,48,5.973,0.736,1.33,2018
48,Belize,0.593,,0.807,0.183,0.08900000000000001,49,5.956,0.474,1.101,2018
49,Lithuania,0.35,,1.197,0.026000000000000002,0.006,50,5.952000000000001,0.716,1.527,2018
50,Slovenia,0.633,,1.219,0.16,0.051,51,5.9479999999999995,0.856,1.506,2018
51,Romania,0.528,,1.1159999999999999,0.08800000000000001,0.001,52,5.945,0.726,1.219,2018
52,Latvia,0.363,,1.148,0.092,0.066,53,5.933,0.6709999999999999,1.454,2018
53,Japan,0.5529999999999999,,1.294,0.079,0.15,54,5.915,0.988,1.462,2018
54,Mauritius,0.584,,1.09,0.245,0.05,55,5.891,0.684,1.3869999999999998,2018
55,Jamaica,0.575,,0.8190000000000001,0.096,0.031,56,5.89,0.693,1.493,2018
56,South Korea,0.244,,1.266,0.175,0.051,57,5.875,0.955,1.204,2018
57,Northern Cyprus,0.495,,1.229,0.179,0.154,58,5.835,0.909,1.2109999999999999,2018
58,Russia,0.39899999999999997,,1.151,0.065,0.025,59,5.81,0.599,1.479,2018
59,Kazakhstan,0.45399999999999996,,1.143,0.14800000000000002,0.121,60,5.79,0.631,1.516,2018
60,Cyprus,0.423,,1.229,0.20199999999999999,0.035,61,5.7620000000000005,0.909,1.1909999999999998,2018
61,Bolivia,0.606,,0.7509999999999999,0.141,0.054000000000000006,62,5.752000000000001,0.508,1.2229999999999999,2018
62,Estonia,0.5529999999999999,,1.2,0.086,0.174,63,5.739,0.737,1.5319999999999998,2018
63,Paraguay,0.541,,0.835,0.162,0.07400000000000001,64,5.681,0.615,1.5219999999999998,2018
64,Peru,0.53,,0.934,0.092,0.034,65,5.662999999999999,0.674,1.249,2018
65,Kosovo,0.44799999999999995,,0.855,0.27399999999999997,0.023,66,5.662000000000001,0.578,1.23,2018
66,Moldova,0.23199999999999998,,0.657,0.171,0.0,67,5.64,0.62,1.301,2018
67,Turkmenistan,0.41700000000000004,,1.016,0.19899999999999998,0.037000000000000005,68,5.636,0.517,1.5330000000000001,2018
68,Hungary,0.259,,1.171,0.061,0.022000000000000002,69,5.62,0.732,1.401,2018
69,Libya,0.496,,0.985,0.11599999999999999,0.14800000000000002,70,5.566,0.5529999999999999,1.35,2018
70,Philippines,0.643,,0.775,0.12,0.105,71,5.524,0.513,1.3119999999999998,2018
71,Honduras,0.45899999999999996,,0.62,0.19699999999999998,0.07400000000000001,72,5.504,0.622,1.205,2018
72,Belarus,0.307,,1.0390000000000001,0.10099999999999999,0.154,73,5.483,0.7,1.4980000000000002,2018
73,Turkey,0.324,,1.148,0.106,0.109,74,5.483,0.6859999999999999,1.38,2018
74,Pakistan,0.33399999999999996,,0.652,0.21600000000000003,0.113,75,5.472,0.424,0.81,2018
75,Hong Kong,0.524,,1.405,0.24600000000000002,0.29100000000000004,76,5.43,1.03,1.29,2018
76,Portugal,0.562,,1.188,0.055,0.017,77,5.41,0.884,1.429,2018
77,Serbia,0.28800000000000003,,0.975,0.134,0.043,78,5.398,0.685,1.369,2018
78,Greece,0.131,,1.1540000000000001,0.0,0.044000000000000004,79,5.358,0.879,1.202,2018
79,Lebanon,0.503,,0.965,0.214,0.136,80,5.358,0.785,1.179,2018
80,Montenegro,0.259,,1.0170000000000001,0.111,0.081,81,5.347,0.7290000000000001,1.2790000000000001,2018
81,Croatia,0.38,,1.115,0.12,0.039,82,5.321000000000001,0.737,1.161,2018
82,Dominican Republic,0.578,,0.982,0.12,0.106,83,5.3020000000000005,0.614,1.4409999999999998,2018
83,Algeria,0.077,,0.9790000000000001,0.055,0.135,84,5.295,0.687,1.1540000000000001,2018
84,Morocco,0.46,,0.779,0.026000000000000002,0.07400000000000001,85,5.254,0.669,0.797,2018
85,China,0.597,,0.9890000000000001,0.028999999999999998,0.10300000000000001,86,5.246,0.799,1.1420000000000001,2018
86,Azerbaijan,0.43,,1.024,0.031,0.17600000000000002,87,5.2010000000000005,0.603,1.161,2018
87,Tajikistan,0.292,,0.474,0.187,0.034,88,5.199,0.598,1.166,2018
88,Macedonia,0.39399999999999996,,0.9590000000000001,0.17300000000000001,0.052000000000000005,89,5.185,0.691,1.239,2018
89,Jordan,0.46799999999999997,,0.8220000000000001,0.13,0.134,90,5.1610000000000005,0.645,1.265,2018
90,Nigeria,0.462,,0.6890000000000001,0.201,0.032,91,5.155,0.048,1.172,2018
91,Kyrgyzstan,0.54,,0.53,0.281,0.035,92,5.131,0.594,1.416,2018
92,Bosnia and Herzegovina,0.28,,0.915,0.21600000000000003,0.0,93,5.129,0.758,1.078,2018
93,Mongolia,0.395,,0.914,0.253,0.032,94,5.125,0.575,1.517,2018
94,Vietnam,0.618,,0.715,0.177,0.079,95,5.103,0.7020000000000001,1.365,2018
95,Indonesia,0.5379999999999999,,0.899,0.484,0.018000000000000002,96,5.093,0.522,1.215,2018
96,Bhutan,0.541,,0.7959999999999999,0.364,0.171,97,5.082,0.527,1.335,2018
97,Somalia,0.674,,0.0,0.23800000000000002,0.282,98,4.982,0.115,0.7120000000000001,2018
98,Cameroon,0.45399999999999996,,0.535,0.183,0.043,99,4.975,0.182,0.8909999999999999,2018
99,Bulgaria,0.359,,1.054,0.064,0.009000000000000001,100,4.933,0.7120000000000001,1.515,2018
100,Nepal,0.526,,0.425,0.302,0.078,101,4.88,0.539,1.228,2018
101,Venezuela,0.133,,0.996,0.055999999999999994,0.052000000000000005,102,4.806,0.657,1.469,2018
102,Gabon,0.35600000000000004,,1.036,0.032,0.052000000000000005,103,4.758,0.40399999999999997,1.1640000000000001,2018
103,Palestinian Territories,0.266,,0.642,0.086,0.076,104,4.743,0.602,1.217,2018
104,South Africa,0.516,,0.94,0.10300000000000001,0.055999999999999994,105,4.724,0.33,1.41,2018
105,Iran,0.45899999999999996,,1.0590000000000002,0.282,0.129,106,4.707,0.691,0.7709999999999999,2018
106,Ivory Coast,0.467,,0.541,0.146,0.10300000000000001,107,4.671,0.08,0.872,2018
107,Ghana,0.499,,0.5920000000000001,0.212,0.028999999999999998,108,4.657,0.337,0.8959999999999999,2018
108,Senegal,0.406,,0.429,0.138,0.08199999999999999,109,4.631,0.433,1.117,2018
109,Laos,0.626,,0.72,0.23,0.174,110,4.623,0.441,1.034,2018
110,Tunisia,0.271,,0.9,0.04,0.063,111,4.592,0.69,0.9059999999999999,2018
111,Albania,0.419,,0.9159999999999999,0.149,0.032,112,4.586,0.79,0.8170000000000001,2018
112,Sierra Leone,0.355,,0.256,0.23800000000000002,0.053,113,4.571000000000001,0.0,0.813,2018
113,Congo (Brazzaville),0.514,,0.682,0.091,0.077,114,4.559,0.34299999999999997,0.8109999999999999,2018
114,Bangladesh,0.58,,0.532,0.153,0.14400000000000002,115,4.5,0.579,0.85,2018
115,Sri Lanka,0.585,,0.9179999999999999,0.307,0.05,116,4.471,0.672,1.314,2018
116,Iraq,0.304,,1.01,0.14800000000000002,0.095,117,4.456,0.536,0.971,2018
117,Mali,0.36700000000000005,,0.37,0.139,0.055999999999999994,118,4.447,0.152,1.2329999999999999,2018
118,Namibia,0.519,,0.8740000000000001,0.051,0.064,119,4.441,0.365,1.281,2018
119,Cambodia,0.696,,0.5489999999999999,0.256,0.065,120,4.433,0.457,1.088,2018
120,Burkina Faso,0.312,,0.314,0.175,0.128,121,4.4239999999999995,0.254,1.097,2018
121,Egypt,0.312,,0.885,0.092,0.107,122,4.419,0.5529999999999999,1.025,2018
122,Mozambique,0.531,,0.198,0.20600000000000002,0.158,123,4.417,0.17300000000000001,0.902,2018
123,Kenya,0.504,,0.493,0.35200000000000004,0.055,124,4.41,0.45399999999999996,1.048,2018
124,Zambia,0.503,,0.562,0.221,0.08199999999999999,125,4.377,0.295,1.047,2018
125,Mauritania,0.129,,0.557,0.134,0.09300000000000001,126,4.356,0.292,1.245,2018
126,Ethiopia,0.452,,0.308,0.22,0.146,127,4.35,0.391,0.95,2018
127,Georgia,0.375,,0.853,0.038,0.215,128,4.34,0.643,0.5920000000000001,2018
128,Armenia,0.26,,0.816,0.077,0.027999999999999997,129,4.321000000000001,0.6659999999999999,0.99,2018
129,Myanmar,0.58,,0.682,0.598,0.17800000000000002,130,4.308,0.429,1.1740000000000002,2018
130,Chad,0.18899999999999997,,0.358,0.18100000000000002,0.06,131,4.301,0.053,0.907,2018
131,Congo (Kinshasa),0.312,,0.069,0.19699999999999998,0.052000000000000005,132,4.245,0.204,1.136,2018
132,India,0.539,,0.721,0.172,0.09300000000000001,133,4.19,0.485,0.747,2018
133,Niger,0.39,,0.131,0.175,0.099,134,4.166,0.221,0.867,2018
134,Uganda,0.45,,0.322,0.259,0.061,135,4.1610000000000005,0.237,1.09,2018
135,Benin,0.44,,0.37799999999999995,0.163,0.067,136,4.141,0.24,0.37200000000000005,2018
136,Sudan,0.016,,0.605,0.134,0.08199999999999999,137,4.138999999999999,0.312,1.24,2018
137,Ukraine,0.163,,0.7929999999999999,0.187,0.011000000000000001,138,4.103,0.609,1.413,2018
138,Togo,0.434,,0.259,0.158,0.10099999999999999,139,3.9989999999999997,0.253,0.474,2018
139,Guinea,0.39399999999999996,,0.344,0.185,0.094,140,3.964,0.21100000000000002,0.792,2018
140,Lesotho,0.423,,0.47200000000000003,0.11599999999999999,0.11199999999999999,141,3.8080000000000003,0.079,1.215,2018
141,Angola,0.0,,0.73,0.079,0.061,142,3.795,0.26899999999999996,1.125,2018
142,Madagascar,0.221,,0.262,0.155,0.049,143,3.7739999999999996,0.402,0.9079999999999999,2018
143,Zimbabwe,0.406,,0.35700000000000004,0.132,0.099,144,3.6919999999999997,0.248,1.094,2018
144,Afghanistan,0.085,,0.332,0.191,0.036000000000000004,145,3.6319999999999997,0.255,0.537,2018
145,Botswana,0.557,,1.0170000000000001,0.042,0.092,146,3.59,0.41700000000000004,1.1740000000000002,2018
146,Malawi,0.531,,0.18600000000000003,0.21,0.08,147,3.5869999999999997,0.306,0.541,2018
147,Haiti,0.025,,0.315,0.392,0.10400000000000001,148,3.582,0.289,0.7140000000000001,2018
148,Liberia,0.419,,0.076,0.20600000000000002,0.03,149,3.495,0.267,0.858,2018
149,Syria,0.08800000000000001,,0.6890000000000001,0.376,0.14400000000000002,150,3.4619999999999997,0.539,0.382,2018
150,Rwanda,0.636,,0.332,0.2,0.444,151,3.408,0.4,0.8959999999999999,2018
151,Yemen,0.244,,0.442,0.083,0.064,152,3.355,0.34299999999999997,1.073,2018
152,Tanzania,0.48100000000000004,,0.455,0.27,0.09699999999999999,153,3.303,0.381,0.991,2018
153,South Sudan,0.11199999999999999,,0.337,0.22399999999999998,0.106,154,3.2539999999999996,0.177,0.608,2018
154,Central African Republic,0.305,,0.024,0.218,0.038,155,3.083,0.01,0.0,2018
155,Burundi,0.065,,0.091,0.149,0.076,156,2.905,0.145,0.627,2018
0,Finland,0.596,,1.34,0.153,0.39299999999999996,1,7.769,0.986,1.587,2019
1,Denmark,0.5920000000000001,,1.383,0.252,0.41,2,7.6,0.996,1.5730000000000002,2019
2,Norway,0.603,,1.4880000000000002,0.271,0.341,3,7.553999999999999,1.028,1.5819999999999999,2019
3,Iceland,0.591,,1.38,0.354,0.11800000000000001,4,7.494,1.026,1.624,2019
4,Netherlands,0.557,,1.396,0.322,0.298,5,7.4879999999999995,0.9990000000000001,1.5219999999999998,2019
5,Switzerland,0.5720000000000001,,1.452,0.263,0.34299999999999997,6,7.48,1.052,1.526,2019
6,Sweden,0.574,,1.3869999999999998,0.267,0.373,7,7.343,1.0090000000000001,1.4869999999999999,2019
7,New Zealand,0.585,,1.3030000000000002,0.33,0.38,8,7.307,1.026,1.557,2019
8,Canada,0.584,,1.365,0.285,0.308,9,7.278,1.0390000000000001,1.505,2019
9,Austria,0.532,,1.376,0.244,0.226,10,7.246,1.016,1.475,2019
10,Australia,0.557,,1.3719999999999999,0.332,0.29,11,7.228,1.036,1.548,2019
11,Costa Rica,0.5579999999999999,,1.034,0.14400000000000002,0.09300000000000001,12,7.167000000000001,0.963,1.4409999999999998,2019
12,Israel,0.371,,1.276,0.261,0.08199999999999999,13,7.138999999999999,1.0290000000000001,1.455,2019
13,Luxembourg,0.526,,1.609,0.19399999999999998,0.316,14,7.09,1.012,1.479,2019
14,United Kingdom,0.45,,1.3330000000000002,0.348,0.278,15,7.053999999999999,0.996,1.538,2019
15,Ireland,0.516,,1.499,0.298,0.31,16,7.021,0.9990000000000001,1.5530000000000002,2019
16,Germany,0.495,,1.3730000000000002,0.261,0.265,17,6.985,0.987,1.454,2019
17,Belgium,0.473,,1.3559999999999999,0.16,0.21,18,6.922999999999999,0.986,1.504,2019
18,United States,0.45399999999999996,,1.433,0.28,0.128,19,6.892,0.8740000000000001,1.4569999999999999,2019
19,Czech Republic,0.457,,1.2690000000000001,0.046,0.036000000000000004,20,6.852,0.92,1.4869999999999999,2019
20,United Arab Emirates,0.598,,1.5030000000000001,0.262,0.182,21,6.825,0.825,1.31,2019
21,Malta,0.564,,1.3,0.375,0.151,22,6.726,0.9990000000000001,1.52,2019
22,Mexico,0.433,,1.07,0.07400000000000001,0.073,23,6.595,0.861,1.3230000000000002,2019
23,France,0.436,,1.324,0.111,0.183,24,6.5920000000000005,1.045,1.472,2019
24,Taiwan,0.35100000000000003,,1.368,0.242,0.09699999999999999,25,6.446000000000001,0.914,1.43,2019
25,Chile,0.35700000000000004,,1.159,0.187,0.055999999999999994,26,6.444,0.92,1.369,2019
26,Guatemala,0.535,,0.8,0.175,0.078,27,6.436,0.746,1.2690000000000001,2019
27,Saudi Arabia,0.439,,1.403,0.08,0.132,28,6.375,0.795,1.357,2019
28,Qatar,0.555,,1.6840000000000002,0.22,0.16699999999999998,29,6.374,0.871,1.3130000000000002,2019
29,Spain,0.36200000000000004,,1.286,0.153,0.079,30,6.354,1.062,1.484,2019
30,Panama,0.516,,1.149,0.109,0.054000000000000006,31,6.321000000000001,0.91,1.442,2019
31,Brazil,0.39,,1.004,0.099,0.086,32,6.3,0.802,1.439,2019
32,Uruguay,0.523,,1.124,0.127,0.15,33,6.292999999999999,0.8909999999999999,1.465,2019
33,Singapore,0.556,,1.5719999999999998,0.271,0.45299999999999996,34,6.2620000000000005,1.141,1.463,2019
34,El Salvador,0.43,,0.794,0.09300000000000001,0.07400000000000001,35,6.252999999999999,0.789,1.242,2019
35,Italy,0.231,,1.294,0.158,0.03,36,6.223,1.0390000000000001,1.4880000000000002,2019
36,Bahrain,0.536,,1.3619999999999999,0.255,0.11,37,6.199,0.871,1.368,2019
37,Slovakia,0.33399999999999996,,1.246,0.121,0.013999999999999999,38,6.1979999999999995,0.8809999999999999,1.504,2019
38,Trinidad & Tobago,0.489,,1.2309999999999999,0.185,0.016,39,6.192,0.713,1.4769999999999999,2019
39,Poland,0.483,,1.206,0.11699999999999999,0.05,40,6.182,0.884,1.4380000000000002,2019
40,Uzbekistan,0.631,,0.745,0.322,0.24,41,6.1739999999999995,0.7559999999999999,1.5290000000000001,2019
41,Lithuania,0.29100000000000004,,1.238,0.043,0.042,42,6.149,0.818,1.515,2019
42,Colombia,0.47,,0.985,0.099,0.034,43,6.125,0.841,1.41,2019
43,Slovenia,0.564,,1.258,0.14400000000000002,0.057,44,6.117999999999999,0.953,1.5230000000000001,2019
44,Nicaragua,0.435,,0.6940000000000001,0.2,0.127,45,6.105,0.835,1.325,2019
45,Kosovo,0.489,,0.882,0.262,0.006,46,6.1,0.758,1.232,2019
46,Argentina,0.47100000000000003,,1.092,0.066,0.05,47,6.086,0.8809999999999999,1.432,2019
47,Romania,0.462,,1.162,0.083,0.005,48,6.07,0.825,1.232,2019
48,Cyprus,0.406,,1.263,0.19,0.040999999999999995,49,6.046,1.042,1.2229999999999999,2019
49,Ecuador,0.498,,0.912,0.126,0.087,50,6.028,0.868,1.3119999999999998,2019
50,Kuwait,0.493,,1.5,0.142,0.09699999999999999,51,6.021,0.8079999999999999,1.319,2019
51,Thailand,0.557,,1.05,0.359,0.027999999999999997,52,6.007999999999999,0.828,1.409,2019
52,Latvia,0.264,,1.187,0.075,0.064,53,5.94,0.812,1.465,2019
53,South Korea,0.159,,1.301,0.175,0.055999999999999994,54,5.895,1.036,1.219,2019
54,Estonia,0.495,,1.237,0.10300000000000001,0.161,55,5.893,0.8740000000000001,1.528,2019
55,Jamaica,0.49,,0.831,0.107,0.027999999999999997,56,5.89,0.831,1.4780000000000002,2019
56,Mauritius,0.498,,1.12,0.215,0.06,57,5.888,0.7979999999999999,1.402,2019
57,Japan,0.445,,1.327,0.069,0.14,58,5.886,1.088,1.419,2019
58,Honduras,0.507,,0.642,0.24600000000000002,0.078,59,5.86,0.828,1.236,2019
59,Kazakhstan,0.41,,1.173,0.146,0.096,60,5.809,0.7290000000000001,1.508,2019
60,Bolivia,0.511,,0.7759999999999999,0.13699999999999998,0.064,61,5.779,0.706,1.209,2019
61,Hungary,0.19899999999999998,,1.2009999999999998,0.081,0.02,62,5.757999999999999,0.828,1.41,2019
62,Paraguay,0.514,,0.855,0.184,0.08,63,5.742999999999999,0.777,1.475,2019
63,Northern Cyprus,0.41700000000000004,,1.263,0.191,0.162,64,5.718,1.042,1.252,2019
64,Peru,0.455,,0.96,0.083,0.027000000000000003,65,5.697,0.8540000000000001,1.274,2019
65,Portugal,0.508,,1.2209999999999999,0.047,0.025,66,5.693,0.9990000000000001,1.431,2019
66,Pakistan,0.313,,0.677,0.22,0.098,67,5.653,0.535,0.8859999999999999,2019
67,Russia,0.33399999999999996,,1.183,0.08199999999999999,0.031,68,5.648,0.726,1.452,2019
68,Philippines,0.5579999999999999,,0.807,0.11699999999999999,0.107,69,5.631,0.657,1.2930000000000001,2019
69,Serbia,0.282,,1.004,0.13699999999999998,0.039,70,5.603,0.8540000000000001,1.383,2019
70,Moldova,0.245,,0.685,0.18100000000000002,0.0,71,5.529,0.7390000000000001,1.328,2019
71,Libya,0.41600000000000004,,1.044,0.133,0.152,72,5.525,0.6729999999999999,1.3030000000000002,2019
72,Montenegro,0.19699999999999998,,1.051,0.142,0.08,73,5.523,0.871,1.361,2019
73,Tajikistan,0.389,,0.493,0.23,0.14400000000000002,74,5.4670000000000005,0.718,1.0979999999999999,2019
74,Croatia,0.29600000000000004,,1.155,0.11900000000000001,0.022000000000000002,75,5.432,0.914,1.266,2019
75,Hong Kong,0.44,,1.4380000000000002,0.258,0.287,76,5.43,1.122,1.2770000000000001,2019
76,Dominican Republic,0.49700000000000005,,1.015,0.113,0.10099999999999999,77,5.425,0.779,1.401,2019
77,Bosnia and Herzegovina,0.212,,0.945,0.263,0.006,78,5.386,0.845,1.212,2019
78,Turkey,0.195,,1.183,0.083,0.106,79,5.372999999999999,0.8079999999999999,1.36,2019
79,Malaysia,0.508,,1.2209999999999999,0.26,0.024,80,5.3389999999999995,0.828,1.171,2019
80,Belarus,0.235,,1.067,0.094,0.142,81,5.3229999999999995,0.789,1.465,2019
81,Greece,0.067,,1.181,0.0,0.034,82,5.287000000000001,0.9990000000000001,1.156,2019
82,Mongolia,0.317,,0.948,0.235,0.038,83,5.285,0.667,1.531,2019
83,North Macedonia,0.345,,0.983,0.185,0.034,84,5.274,0.838,1.294,2019
84,Nigeria,0.426,,0.696,0.215,0.040999999999999995,85,5.265,0.245,1.111,2019
85,Kyrgyzstan,0.508,,0.551,0.3,0.023,86,5.261,0.723,1.4380000000000002,2019
86,Turkmenistan,0.39399999999999996,,1.052,0.244,0.027999999999999997,87,5.247000000000001,0.657,1.538,2019
87,Algeria,0.086,,1.002,0.073,0.114,88,5.211,0.785,1.16,2019
88,Morocco,0.418,,0.8009999999999999,0.036000000000000004,0.076,89,5.207999999999999,0.782,0.782,2019
89,Azerbaijan,0.35100000000000003,,1.043,0.035,0.182,90,5.207999999999999,0.769,1.147,2019
90,Lebanon,0.21600000000000003,,0.987,0.166,0.027000000000000003,91,5.197,0.815,1.224,2019
91,Indonesia,0.491,,0.9309999999999999,0.498,0.027999999999999997,92,5.192,0.66,1.203,2019
92,China,0.521,,1.0290000000000001,0.057999999999999996,0.1,93,5.191,0.893,1.125,2019
93,Vietnam,0.5429999999999999,,0.741,0.147,0.073,94,5.175,0.851,1.3459999999999999,2019
94,Bhutan,0.457,,0.813,0.37,0.16699999999999998,95,5.082,0.604,1.321,2019
95,Cameroon,0.381,,0.5489999999999999,0.187,0.037000000000000005,96,5.044,0.331,0.91,2019
96,Bulgaria,0.311,,1.092,0.081,0.004,97,5.011,0.815,1.5130000000000001,2019
97,Ghana,0.381,,0.611,0.245,0.04,98,4.996,0.486,0.868,2019
98,Ivory Coast,0.35200000000000004,,0.569,0.154,0.09,99,4.944,0.23199999999999998,0.8079999999999999,2019
99,Nepal,0.439,,0.446,0.285,0.08900000000000001,100,4.913,0.677,1.226,2019
100,Jordan,0.38299999999999995,,0.8370000000000001,0.11,0.13,101,4.906000000000001,0.815,1.225,2019
101,Benin,0.349,,0.39299999999999996,0.175,0.08199999999999999,102,4.883,0.397,0.43700000000000006,2019
102,Congo (Brazzaville),0.37200000000000005,,0.6729999999999999,0.105,0.09300000000000001,103,4.812,0.508,0.799,2019
103,Gabon,0.295,,1.057,0.043,0.055,104,4.7989999999999995,0.5710000000000001,1.183,2019
104,Laos,0.547,,0.764,0.266,0.16399999999999998,105,4.796,0.551,1.03,2019
105,South Africa,0.389,,0.96,0.13,0.055,106,4.7219999999999995,0.469,1.351,2019
106,Albania,0.38299999999999995,,0.9470000000000001,0.17800000000000002,0.027000000000000003,107,4.718999999999999,0.8740000000000001,0.848,2019
107,Venezuela,0.154,,0.96,0.064,0.047,108,4.707,0.805,1.4269999999999998,2019
108,Cambodia,0.609,,0.574,0.23199999999999998,0.062,109,4.7,0.637,1.122,2019
109,Palestinian Territories,0.225,,0.657,0.10300000000000001,0.066,110,4.696000000000001,0.672,1.247,2019
110,Senegal,0.292,,0.45,0.153,0.07200000000000001,111,4.681,0.5710000000000001,1.1340000000000001,2019
111,Somalia,0.5589999999999999,,0.0,0.243,0.27,112,4.668,0.268,0.698,2019
112,Namibia,0.401,,0.879,0.07,0.055999999999999994,113,4.638999999999999,0.47700000000000004,1.3130000000000002,2019
113,Niger,0.318,,0.138,0.188,0.102,114,4.628,0.366,0.774,2019
114,Burkina Faso,0.255,,0.331,0.177,0.113,115,4.587,0.38,1.056,2019
115,Armenia,0.28300000000000003,,0.85,0.095,0.064,116,4.559,0.815,1.055,2019
116,Iran,0.305,,1.1,0.27,0.125,117,4.548,0.785,0.8420000000000001,2019
117,Guinea,0.332,,0.38,0.207,0.086,118,4.534,0.375,0.8290000000000001,2019
118,Georgia,0.34600000000000003,,0.8859999999999999,0.043,0.16399999999999998,119,4.519,0.752,0.6659999999999999,2019
119,Gambia,0.382,,0.308,0.26899999999999996,0.16699999999999998,120,4.516,0.428,0.9390000000000001,2019
120,Kenya,0.431,,0.512,0.37200000000000005,0.053,121,4.5089999999999995,0.581,0.983,2019
121,Mauritania,0.066,,0.57,0.106,0.08800000000000001,122,4.49,0.489,1.167,2019
122,Mozambique,0.494,,0.204,0.19699999999999998,0.138,123,4.466,0.39,0.986,2019
123,Tunisia,0.16699999999999998,,0.9209999999999999,0.059000000000000004,0.055,124,4.461,0.815,1.0,2019
124,Bangladesh,0.527,,0.562,0.166,0.14300000000000002,125,4.456,0.723,0.9279999999999999,2019
125,Iraq,0.24100000000000002,,1.043,0.14800000000000002,0.08900000000000001,126,4.437,0.574,0.98,2019
126,Congo (Kinshasa),0.26899999999999996,,0.094,0.212,0.053,127,4.418,0.35700000000000004,1.125,2019
127,Mali,0.327,,0.385,0.153,0.052000000000000005,128,4.39,0.308,1.105,2019
128,Sierra Leone,0.309,,0.268,0.252,0.045,129,4.374,0.242,0.841,2019
129,Sri Lanka,0.47,,0.9490000000000001,0.244,0.047,130,4.3660000000000005,0.831,1.265,2019
130,Myanmar,0.525,,0.71,0.5660000000000001,0.172,131,4.36,0.555,1.181,2019
131,Chad,0.174,,0.35,0.198,0.078,132,4.35,0.192,0.7659999999999999,2019
132,Ukraine,0.17800000000000002,,0.82,0.187,0.01,133,4.332,0.7390000000000001,1.39,2019
133,Ethiopia,0.344,,0.336,0.209,0.1,134,4.2860000000000005,0.532,1.033,2019
134,Swaziland,0.313,,0.8109999999999999,0.07400000000000001,0.135,135,4.212,0.0,1.149,2019
135,Uganda,0.35600000000000004,,0.332,0.252,0.06,136,4.189,0.44299999999999995,1.069,2019
136,Egypt,0.24100000000000002,,0.9129999999999999,0.076,0.067,137,4.166,0.644,1.0390000000000001,2019
137,Zambia,0.431,,0.578,0.247,0.087,138,4.107,0.426,1.058,2019
138,Togo,0.293,,0.275,0.177,0.085,139,4.085,0.41,0.5720000000000001,2019
139,India,0.498,,0.755,0.2,0.085,140,4.015,0.588,0.765,2019
140,Liberia,0.37,,0.073,0.233,0.033,141,3.975,0.44299999999999995,0.922,2019
141,Comoros,0.142,,0.27399999999999997,0.275,0.078,142,3.9730000000000003,0.505,0.757,2019
142,Madagascar,0.14800000000000002,,0.27399999999999997,0.16899999999999998,0.040999999999999995,143,3.9330000000000003,0.555,0.9159999999999999,2019
143,Lesotho,0.359,,0.489,0.107,0.09300000000000001,144,3.802,0.168,1.169,2019
144,Burundi,0.22,,0.046,0.17600000000000002,0.18,145,3.775,0.38,0.447,2019
145,Zimbabwe,0.361,,0.366,0.151,0.08900000000000001,146,3.6630000000000003,0.433,1.114,2019
146,Haiti,0.026000000000000002,,0.32299999999999995,0.419,0.11,147,3.597,0.449,0.688,2019
147,Botswana,0.455,,1.041,0.025,0.1,148,3.488,0.5379999999999999,1.145,2019
148,Syria,0.013000000000000001,,0.619,0.331,0.141,149,3.4619999999999997,0.44,0.37799999999999995,2019
149,Malawi,0.44299999999999995,,0.191,0.218,0.08900000000000001,150,3.41,0.495,0.56,2019
150,Yemen,0.14300000000000002,,0.287,0.10800000000000001,0.077,151,3.38,0.46299999999999997,1.163,2019
151,Rwanda,0.555,,0.359,0.217,0.41100000000000003,152,3.3339999999999996,0.614,0.711,2019
152,Tanzania,0.41700000000000004,,0.47600000000000003,0.276,0.147,153,3.2310000000000003,0.499,0.885,2019
153,Afghanistan,0.0,,0.35,0.158,0.025,154,3.2030000000000003,0.361,0.517,2019
154,Central African Republic,0.225,,0.026000000000000002,0.235,0.035,155,3.083,0.105,0.0,2019
155,South Sudan,0.01,,0.306,0.20199999999999999,0.091,156,2.853,0.295,0.575,2019
